rel_path,class_name,split,phash
cardboard/cardboard1.jpg,cardboard,train,d5aa2f5490ffba00
cardboard/cardboard10.jpg,cardboard,val,e626655919daa726
cardboard/cardboard100.jpg,cardboard,train,f1cf2518e4b2994e
cardboard/cardboard101.jpg,cardboard,train,b3646d99c9538867
cardboard/cardboard102.jpg,cardboard,train,c2c92fc23e69966c
cardboard/cardboard103.jpg,cardboard,train,b26c6ccccdcccc8c
cardboard/cardboard104.jpg,cardboard,val,cd924bc73cc3c564
cardboard/cardboard105.jpg,cardboard,train,d96b2ac7dec23881
cardboard/cardboard106.jpg,cardboard,test,c6b9b959fc464306
cardboard/cardboard107.jpg,cardboard,test,d2a28d9b8dd993c4
cardboard/cardboard108.jpg,cardboard,train,cb81fd497b32103d
cardboard/cardboard109.jpg,cardboard,train,f8c187c1cfd8988e
cardboard/cardboard11.jpg,cardboard,val,d922e955212adbd5
cardboard/cardboard110.jpg,cardboard,train,ff7b2a741f410942
cardboard/cardboard111.jpg,cardboard,train,e1764eae42930f95
cardboard/cardboard112.jpg,cardboard,train,caf5c61839a7c6d0
cardboard/cardboard113.jpg,cardboard,test,dd2baad6d425294a
cardboard/cardboard114.jpg,cardboard,train,a2b51319d9c9cdd4
cardboard/cardboard115.jpg,cardboard,train,efc7c274260ed4d0
cardboard/cardboard116.jpg,cardboard,train,aa6d952bd61d32c4
cardboard/cardboard117.jpg,cardboard,train,c0979f522e6a94d9
cardboard/cardboard118.jpg,cardboard,train,950a2b4d2f8f6e85
cardboard/cardboard119.jpg,cardboard,train,82d42d33ed3aa572
cardboard/cardboard12.jpg,cardboard,train,ce6b74acd11b0c93
cardboard/cardboard120.jpg,cardboard,train,dba4d1712c2a97d4
cardboard/cardboard121.jpg,cardboard,train,f42a79d0b96b4919
cardboard/cardboard122.jpg,cardboard,train,bb604083775b939b
cardboard/cardboard123.jpg,cardboard,test,da0429da959df263
cardboard/cardboard124.jpg,cardboard,val,8f87bf7f808e0960
cardboard/cardboard125.jpg,cardboard,test,f93e1e878f832449
cardboard/cardboard126.jpg,cardboard,train,f1a69c4e8bcccc98
cardboard/cardboard127.jpg,cardboard,val,80b3a09f7b80679f
cardboard/cardboard128.jpg,cardboard,test,ac2dc942c83bcf93
cardboard/cardboard129.jpg,cardboard,val,f62a7add8565c092
cardboard/cardboard13.jpg,cardboard,train,d6e4db99234c66b0
cardboard/cardboard130.jpg,cardboard,train,eb6ad468c1b69499
cardboard/cardboard131.jpg,cardboard,train,e24c96399ad39966
cardboard/cardboard132.jpg,cardboard,train,f064cf933c6c7162
cardboard/cardboard133.jpg,cardboard,train,f466cb990c3933c6
cardboard/cardboard134.jpg,cardboard,train,b02ccfd14ccf3a1c
cardboard/cardboard135.jpg,cardboard,val,b1c32713ce321dce
cardboard/cardboard136.jpg,cardboard,train,f330cdcf264c3331
cardboard/cardboard137.jpg,cardboard,test,f031cfce3031cbb2
cardboard/cardboard138.jpg,cardboard,train,ad3bf192d09ec0c3
cardboard/cardboard139.jpg,cardboard,test,f76dd65c21ca2622
cardboard/cardboard14.jpg,cardboard,train,99e38c33c6c96798
cardboard/cardboard140.jpg,cardboard,val,b420c03e0fc3fccf
cardboard/cardboard141.jpg,cardboard,train,c41f1b18c771c67a
cardboard/cardboard142.jpg,cardboard,test,ecf6c3c1181e65f0
cardboard/cardboard143.jpg,cardboard,train,f0d8cccce663c199
cardboard/cardboard144.jpg,cardboard,val,fb96cc493236a3c4
cardboard/cardboard145.jpg,cardboard,train,f1989bcccc334731
cardboard/cardboard146.jpg,cardboard,train,ed83d0e3921edb30
cardboard/cardboard147.jpg,cardboard,train,e5bc963cce1ac107
cardboard/cardboard148.jpg,cardboard,test,eaa7e49e9809b32c
cardboard/cardboard149.jpg,cardboard,train,bf0dd1de8949ce04
cardboard/cardboard15.jpg,cardboard,val,a2a6b556d29a8b55
cardboard/cardboard150.jpg,cardboard,train,e19a4671d96692cd
cardboard/cardboard151.jpg,cardboard,test,f6f999c624292393
cardboard/cardboard152.jpg,cardboard,train,e7d99c666968948c
cardboard/cardboard153.jpg,cardboard,val,f1cc99b6cc199332
cardboard/cardboard154.jpg,cardboard,train,f4cdcb929f312033
cardboard/cardboard155.jpg,cardboard,test,e631aa459acdc8cd
cardboard/cardboard156.jpg,cardboard,train,c8cab2bcafb18c85
cardboard/cardboard157.jpg,cardboard,val,dcc3973ca1c1ac3c
cardboard/cardboard158.jpg,cardboard,val,bfbf9f404223b281
cardboard/cardboard159.jpg,cardboard,train,aad52ad25452c5f5
cardboard/cardboard16.jpg,cardboard,val,a4b55a8b916c749b
cardboard/cardboard160.jpg,cardboard,train,8787c7474feca1a0
cardboard/cardboard161.jpg,cardboard,val,d2d0affcd16b8091
cardboard/cardboard162.jpg,cardboard,test,af92cd669141a4de
cardboard/cardboard163.jpg,cardboard,test,b39dc6e20e0db278
cardboard/cardboard164.jpg,cardboard,train,f8635e96844d6595
cardboard/cardboard165.jpg,cardboard,train,ab31b291399ade4c
cardboard/cardboard166.jpg,cardboard,train,b994db261cfb300e
cardboard/cardboard167.jpg,cardboard,train,e8d6d718946bc0f2
cardboard/cardboard168.jpg,cardboard,test,ea1e9585f0c03e6e
cardboard/cardboard169.jpg,cardboard,train,fc83c33c3cf2c1c4
cardboard/cardboard17.jpg,cardboard,train,f18686b28babca5a
cardboard/cardboard170.jpg,cardboard,train,f498cb67319e2319
cardboard/cardboard171.jpg,cardboard,train,e5929a6d6192cc6d
cardboard/cardboard172.jpg,cardboard,val,f09cc76393c57826
cardboard/cardboard173.jpg,cardboard,train,f992ce6532191d36
cardboard/cardboard174.jpg,cardboard,train,bea0c794dad8d258
cardboard/cardboard175.jpg,cardboard,test,ef36f068f02ef0c0
cardboard/cardboard176.jpg,cardboard,test,eacdc131d409cee9
cardboard/cardboard177.jpg,cardboard,train,ed01c07ed57e8dc0
cardboard/cardboard178.jpg,cardboard,train,a584f36df27c8324
cardboard/cardboard179.jpg,cardboard,val,edc8d0d292939397
cardboard/cardboard18.jpg,cardboard,train,9e50e3a5b4dae628
cardboard/cardboard180.jpg,cardboard,train,bf81cd92c8d492ec
cardboard/cardboard181.jpg,cardboard,train,8c7293cdc7e1b0e1
cardboard/cardboard182.jpg,cardboard,test,dab4add6843c38c9
cardboard/cardboard183.jpg,cardboard,test,f73ac8b95ba30216
cardboard/cardboard184.jpg,cardboard,train,efc1c09a962f2de0
cardboard/cardboard185.jpg,cardboard,train,d2cd2d32859a32cf
cardboard/cardboard186.jpg,cardboard,test,ff90841fc04bc3e5
cardboard/cardboard187.jpg,cardboard,train,ff9ec06cc7f24801
cardboard/cardboard188.jpg,cardboard,train,fd9cc0c8c2d8c39b
cardboard/cardboard189.jpg,cardboard,train,bf36b0fed931c040
cardboard/cardboard19.jpg,cardboard,train,f7cca1d14aa4746a
cardboard/cardboard190.jpg,cardboard,train,ee82f8c1c694951f
cardboard/cardboard191.jpg,cardboard,test,fba187869546785a
cardboard/cardboard192.jpg,cardboard,train,d2fd8d5106c62373
cardboard/cardboard193.jpg,cardboard,train,afcad025d33495d2
cardboard/cardboard194.jpg,cardboard,test,ef8f8084a5f0f07a
cardboard/cardboard195.jpg,cardboard,val,f8cd91689697cc92
cardboard/cardboard196.jpg,cardboard,train,f8bc8caf883a9057
cardboard/cardboard197.jpg,cardboard,test,bf9ec8e41239f80c
cardboard/cardboard198.jpg,cardboard,train,ee1be0f0dcf11485
cardboard/cardboard199.jpg,cardboard,train,eb2ad4ed34d2c894
cardboard/cardboard2.jpg,cardboard,train,d2a4b55b09f94da4
cardboard/cardboard20.jpg,cardboard,train,e552596d55a252ad
cardboard/cardboard200.jpg,cardboard,test,ffbac281c0740f47
cardboard/cardboard201.jpg,cardboard,train,fcc5c034c93a368f
cardboard/cardboard202.jpg,cardboard,train,f18cc7c59c8cc933
cardboard/cardboard203.jpg,cardboard,val,e48b9bc696b48d32
cardboard/cardboard204.jpg,cardboard,val,bd879e6ec16198c2
cardboard/cardboard205.jpg,cardboard,train,b4c0ca3dc7926dc6
cardboard/cardboard206.jpg,cardboard,train,edd86b04cb07c07b
cardboard/cardboard207.jpg,cardboard,val,ea7ac03fc03bd00f
cardboard/cardboard208.jpg,cardboard,train,fce0811f83f03f07
cardboard/cardboard209.jpg,cardboard,train,ea80d4d5dd85903f
cardboard/cardboard21.jpg,cardboard,train,d0d397208972b4f7
cardboard/cardboard210.jpg,cardboard,train,aaf4f2c283038f9e
cardboard/cardboard211.jpg,cardboard,train,eac4851f987ac363
cardboard/cardboard212.jpg,cardboard,train,f8b1e6cee009ce38
cardboard/cardboard213.jpg,cardboard,train,b58fd2e8cbc0c9d0
cardboard/cardboard214.jpg,cardboard,val,f28cc31c9bc1998f
cardboard/cardboard215.jpg,cardboard,train,b7c3c02d8f7c8c38
cardboard/cardboard216.jpg,cardboard,train,f0b9cf6630933338
cardboard/cardboard217.jpg,cardboard,train,f199ce2438b36399
cardboard/cardboard218.jpg,cardboard,train,f183cc3c26c3373c
cardboard/cardboard219.jpg,cardboard,train,b7e0d11e98f1c4c9
cardboard/cardboard22.jpg,cardboard,val,f0ff81e41f009b78
cardboard/cardboard220.jpg,cardboard,train,bb8ec0270f713e38
cardboard/cardboard221.jpg,cardboard,train,f3cca2629a9f2ae0
cardboard/cardboard222.jpg,cardboard,train,ed5214a9854772bb
cardboard/cardboard223.jpg,cardboard,train,c0b4db5eacc28eca
cardboard/cardboard224.jpg,cardboard,train,c56a915d2ab56a65
cardboard/cardboard225.jpg,cardboard,train,dda99695d2939415
cardboard/cardboard226.jpg,cardboard,test,ea4fd45a836cc307
cardboard/cardboard227.jpg,cardboard,train,fb1d8350aa55aa55
cardboard/cardboard228.jpg,cardboard,test,aa5a14e9360ff01f
cardboard/cardboard229.jpg,cardboard,train,ea78986e25996d25
cardboard/cardboard23.jpg,cardboard,train,ff83b62dc1a218c5
cardboard/cardboard230.jpg,cardboard,train,bf80d0ff00f88769
cardboard/cardboard231.jpg,cardboard,train,b8958d7a922d5ab8
cardboard/cardboard232.jpg,cardboard,val,e7883ecfb030cd32
cardboard/cardboard233.jpg,cardboard,train,aa9d95d4cbe86960
cardboard/cardboard234.jpg,cardboard,train,fc78916293d4a783
cardboard/cardboard235.jpg,cardboard,test,dbf2a4cc8ea406ec
cardboard/cardboard236.jpg,cardboard,val,c52d9793934ba6a8
cardboard/cardboard237.jpg,cardboard,train,c424cad668decde2
cardboard/cardboard238.jpg,cardboard,train,faaa817d95c195c1
cardboard/cardboard239.jpg,cardboard,test,ae95c2a9cdccc8ca
cardboard/cardboard24.jpg,cardboard,train,c56c8d98b3b2b26c
cardboard/cardboard240.jpg,cardboard,test,ff774b6ac5c08281
cardboard/cardboard241.jpg,cardboard,val,d3b9b3f14c1c0e8c
cardboard/cardboard242.jpg,cardboard,train,b685cbe70c7933c0
cardboard/cardboard243.jpg,cardboard,train,cfd0d36f3a2a80d4
cardboard/cardboard244.jpg,cardboard,train,c5b70dcf8c4610bb
cardboard/cardboard245.jpg,cardboard,train,8989944a8b57bee9
cardboard/cardboard246.jpg,cardboard,train,c08be33c3ec33c3c
cardboard/cardboard247.jpg,cardboard,train,bf818378c23fd039
cardboard/cardboard248.jpg,cardboard,train,ca68e097bc00dafe
cardboard/cardboard249.jpg,cardboard,train,e4ac07d83898c7bd
cardboard/cardboard25.jpg,cardboard,train,dfe0a00ff01ee10f
cardboard/cardboard250.jpg,cardboard,val,c1a9d556d4d4a574
cardboard/cardboard251.jpg,cardboard,train,d2752fc8395a2f14
cardboard/cardboard252.jpg,cardboard,test,d113659607f7f124
cardboard/cardboard253.jpg,cardboard,train,e11c54a2b85d4bfa
cardboard/cardboard254.jpg,cardboard,train,c160f2828e6d0dff
cardboard/cardboard255.jpg,cardboard,val,c084e77aef476438
cardboard/cardboard256.jpg,cardboard,train,daa56ad295d25295
cardboard/cardboard257.jpg,cardboard,val,ab3d9da26d4c9285
cardboard/cardboard258.jpg,cardboard,train,f21180c8d593eef5
cardboard/cardboard259.jpg,cardboard,train,fef5c09ce10fd802
cardboard/cardboard26.jpg,cardboard,val,cfd4b2b6c84f480e
cardboard/cardboard260.jpg,cardboard,test,e1488c23494f6f7d
cardboard/cardboard261.jpg,cardboard,train,c4673e999ce1a8b1
cardboard/cardboard262.jpg,cardboard,train,b7a77c6884e2c568
cardboard/cardboard263.jpg,cardboard,train,e0f29f34c1660f27
cardboard/cardboard264.jpg,cardboard,test,cdd1a64a4996b25b
cardboard/cardboard265.jpg,cardboard,train,e444a9d5ab92d5aa
cardboard/cardboard266.jpg,cardboard,test,fa7a503599844d37
cardboard/cardboard267.jpg,cardboard,train,f19c9c718e8c61ce
cardboard/cardboard268.jpg,cardboard,train,ff1d8740942bd625
cardboard/cardboard269.jpg,cardboard,train,e5c66ae93ab50a61
cardboard/cardboard27.jpg,cardboard,val,d685a8cb52f0992f
cardboard/cardboard270.jpg,cardboard,train,c0579f60cf31ce13
cardboard/cardboard271.jpg,cardboard,train,dfc7884ea193cc98
cardboard/cardboard272.jpg,cardboard,train,c7d4944da0f9be03
cardboard/cardboard273.jpg,cardboard,train,9fc732c330ce318e
cardboard/cardboard274.jpg,cardboard,test,9c87383e63f06363
cardboard/cardboard275.jpg,cardboard,train,ff5f8038c7b86083
cardboard/cardboard276.jpg,cardboard,train,e662999872959567
cardboard/cardboard277.jpg,cardboard,train,9c1e9a27f8036b99
cardboard/cardboard278.jpg,cardboard,train,c65abb7304ee7128
cardboard/cardboard279.jpg,cardboard,train,d7b0417c78f47ac0
cardboard/cardboard28.jpg,cardboard,train,d4b388eb6e0497cc
cardboard/cardboard280.jpg,cardboard,train,c40e46c6c5d5d5c7
cardboard/cardboard281.jpg,cardboard,train,f86c33c46bb649b0
cardboard/cardboard282.jpg,cardboard,train,ec33fc07d83684b4
cardboard/cardboard283.jpg,cardboard,train,ea7c15d515932c36
cardboard/cardboard284.jpg,cardboard,val,f18aac26dbb54a45
cardboard/cardboard285.jpg,cardboard,train,cd22d13fc4381ff0
cardboard/cardboard286.jpg,cardboard,train,fec182af6668191b
cardboard/cardboard287.jpg,cardboard,train,eb77c0c287029f8e
cardboard/cardboard288.jpg,cardboard,train,ff6be0e2e0a18383
cardboard/cardboard289.jpg,cardboard,train,c9ad6d294d231ce6
cardboard/cardboard29.jpg,cardboard,train,80fcdc486e9b7613
cardboard/cardboard290.jpg,cardboard,train,ec919c3b2e6a6a68
cardboard/cardboard291.jpg,cardboard,test,f84656919a7c47b1
cardboard/cardboard292.jpg,cardboard,train,ccb2314dce733139
cardboard/cardboard293.jpg,cardboard,train,f8879ee1733c1e80
cardboard/cardboard294.jpg,cardboard,test,e6e39999929c86c6
cardboard/cardboard295.jpg,cardboard,train,ec5e99d50ae50ce4
cardboard/cardboard296.jpg,cardboard,train,e55b923f8bb209c2
cardboard/cardboard297.jpg,cardboard,test,e7319bb20de10cf2
cardboard/cardboard298.jpg,cardboard,train,c69333ec04c6d373
cardboard/cardboard299.jpg,cardboard,train,ffbf54882ac00cd3
cardboard/cardboard3.jpg,cardboard,train,d9ac4cb902dea363
cardboard/cardboard30.jpg,cardboard,train,c07f0368bfa500fe
cardboard/cardboard300.jpg,cardboard,test,c0ffdff393210121
cardboard/cardboard301.jpg,cardboard,train,ec5c9bf9a2929191
cardboard/cardboard302.jpg,cardboard,train,e69847551436756d
cardboard/cardboard303.jpg,cardboard,train,d49c9c32cfcf3218
cardboard/cardboard304.jpg,cardboard,test,c95a12e429ece98f
cardboard/cardboard305.jpg,cardboard,train,81957f81748d653e
cardboard/cardboard306.jpg,cardboard,val,d686fa11393be087
cardboard/cardboard307.jpg,cardboard,test,f7ea9838c0c3c786
cardboard/cardboard308.jpg,cardboard,test,c763ba41da29d896
cardboard/cardboard309.jpg,cardboard,test,d656eb2a55da9411
cardboard/cardboard31.jpg,cardboard,train,febab4b090d0d24b
cardboard/cardboard310.jpg,cardboard,train,ff02aaaabb474588
cardboard/cardboard311.jpg,cardboard,train,cc51b36e95a1b3a4
cardboard/cardboard312.jpg,cardboard,train,f56825d3453ac536
cardboard/cardboard313.jpg,cardboard,test,c0f01f80f8ff3887
cardboard/cardboard314.jpg,cardboard,test,f068866d87478f6c
cardboard/cardboard315.jpg,cardboard,train,d28321fc7cc3473c
cardboard/cardboard316.jpg,cardboard,train,e6904ba985d355ea
cardboard/cardboard317.jpg,cardboard,train,d9eaa510f4e03dd4
cardboard/cardboard318.jpg,cardboard,val,c26e634d55ae5529
cardboard/cardboard319.jpg,cardboard,train,d2e008d2a97ee76c
cardboard/cardboard32.jpg,cardboard,train,d7a5a8f05883378b
cardboard/cardboard320.jpg,cardboard,val,acdb95ab6a358982
cardboard/cardboard321.jpg,cardboard,train,fa319586a5395ac6
cardboard/cardboard322.jpg,cardboard,train,f3c39bb9919f8006
cardboard/cardboard323.jpg,cardboard,train,c41b24e2c1e0fefc
cardboard/cardboard324.jpg,cardboard,test,abaad4572eaad051
cardboard/cardboard325.jpg,cardboard,train,eaaaaaea8b095555
cardboard/cardboard326.jpg,cardboard,train,d3e4d97344994996
cardboard/cardboard327.jpg,cardboard,train,e37598378b463b44
cardboard/cardboard328.jpg,cardboard,train,e979958e9e4a5285
cardboard/cardboard329.jpg,cardboard,val,e772ee1e64d1c411
cardboard/cardboard33.jpg,cardboard,train,d5e78a2a9555d48a
cardboard/cardboard330.jpg,cardboard,val,dd02e0bdbac5aa1c
cardboard/cardboard331.jpg,cardboard,val,c0f45b67c44bcb19
cardboard/cardboard332.jpg,cardboard,val,f663c7883c7043c7
cardboard/cardboard333.jpg,cardboard,train,a7d3c98c1e3df021
cardboard/cardboard334.jpg,cardboard,test,f8d141334fe1543b
cardboard/cardboard335.jpg,cardboard,train,fdd18591a8cc325b
cardboard/cardboard336.jpg,cardboard,val,96d519ee823a43d9
cardboard/cardboard337.jpg,cardboard,train,9fdf68a8758470a2
cardboard/cardboard338.jpg,cardboard,train,e2dd221d82f52a37
cardboard/cardboard339.jpg,cardboard,train,d888c7ef01f71c38
cardboard/cardboard34.jpg,cardboard,train,f656a92dd0ab5d40
cardboard/cardboard340.jpg,cardboard,val,f16aa38cd3cc6638
cardboard/cardboard341.jpg,cardboard,train,c0ffb5800a1c7ed5
cardboard/cardboard342.jpg,cardboard,test,dc7b6c91d4982699
cardboard/cardboard343.jpg,cardboard,train,807fc09f7fc0913c
cardboard/cardboard344.jpg,cardboard,train,91a626db4b669ba8
cardboard/cardboard345.jpg,cardboard,train,cdf2e44e7851492d
cardboard/cardboard346.jpg,cardboard,train,d59d16d069ca9a69
cardboard/cardboard347.jpg,cardboard,train,8e7163d89cba2363
cardboard/cardboard348.jpg,cardboard,train,ef7f98000f87007f
cardboard/cardboard349.jpg,cardboard,train,d5d4aaeb106f80d3
cardboard/cardboard35.jpg,cardboard,train,c76399965a696686
cardboard/cardboard350.jpg,cardboard,train,eaeb85953ab26606
cardboard/cardboard351.jpg,cardboard,train,f6c801fb324b0f33
cardboard/cardboard352.jpg,cardboard,train,d7af80d03e0703af
cardboard/cardboard353.jpg,cardboard,train,e8c59792342c6dcb
cardboard/cardboard354.jpg,cardboard,val,fed7bb3113313030
cardboard/cardboard355.jpg,cardboard,train,c31292bc3f3c7c34
cardboard/cardboard356.jpg,cardboard,train,ef4f4eb130f00cf0
cardboard/cardboard357.jpg,cardboard,train,c3120bfe7f20037d
cardboard/cardboard358.jpg,cardboard,test,fc7e83788748bc44
cardboard/cardboard359.jpg,cardboard,train,c4326f6992936d36
cardboard/cardboard36.jpg,cardboard,train,d3c89f5097d76025
cardboard/cardboard360.jpg,cardboard,train,87bea19ec02f9c51
cardboard/cardboard361.jpg,cardboard,val,aaa6b556529a8b55
cardboard/cardboard362.jpg,cardboard,val,f330939bcac9ad84
cardboard/cardboard363.jpg,cardboard,train,ba519168c337d837
cardboard/cardboard364.jpg,cardboard,train,a982d3cb4b6aa5b1
cardboard/cardboard365.jpg,cardboard,train,e74f99b0f2d0f090
cardboard/cardboard366.jpg,cardboard,train,fb54ce9ec817c085
cardboard/cardboard367.jpg,cardboard,test,d2ad5a9e8d98a172
cardboard/cardboard368.jpg,cardboard,test,d16b23d605f405f6
cardboard/cardboard369.jpg,cardboard,train,df349d858791c383
cardboard/cardboard37.jpg,cardboard,train,c73f7fb030b63060
cardboard/cardboard370.jpg,cardboard,train,cc8c3cd37b26c62c
cardboard/cardboard371.jpg,cardboard,train,9c6316a5a4a756ad
cardboard/cardboard372.jpg,cardboard,train,c0acdf4104739dee
cardboard/cardboard373.jpg,cardboard,train,c442cc9adfad10d7
cardboard/cardboard374.jpg,cardboard,val,c7b05913f83d1837
cardboard/cardboard375.jpg,cardboard,train,ce612c7738f71f00
cardboard/cardboard376.jpg,cardboard,train,dad0ce33b880967b
cardboard/cardboard377.jpg,cardboard,train,8dcb36c936c832cd
cardboard/cardboard378.jpg,cardboard,val,e4300f0e730ff873
cardboard/cardboard379.jpg,cardboard,train,ba2b9224a3b6a6b6
cardboard/cardboard38.jpg,cardboard,train,e4f61656527a1157
cardboard/cardboard380.jpg,cardboard,test,f1438e9c958d44b7
cardboard/cardboard381.jpg,cardboard,train,d7612b78c98a5555
cardboard/cardboard382.jpg,cardboard,val,b366666c6e4d6c60
cardboard/cardboard383.jpg,cardboard,train,c0c06035cbe53fcf
cardboard/cardboard384.jpg,cardboard,train,eea6b61df101c89c
cardboard/cardboard385.jpg,cardboard,train,ffb8917590c227c8
cardboard/cardboard386.jpg,cardboard,val,e8aaa9ada5959554
cardboard/cardboard387.jpg,cardboard,train,ff5f822a8995a894
cardboard/cardboard388.jpg,cardboard,val,d0e00f0fe90f0fe3
cardboard/cardboard389.jpg,cardboard,train,d2a5d61a95d43b83
cardboard/cardboard39.jpg,cardboard,train,fc4193bcd34889b6
cardboard/cardboard390.jpg,cardboard,train,f175d2acdaa86ac0
cardboard/cardboard391.jpg,cardboard,train,d7aee215ba0740f1
cardboard/cardboard392.jpg,cardboard,train,ffa0906fa2f09f40
cardboard/cardboard393.jpg,cardboard,train,c2a4f5690d95e14f
cardboard/cardboard394.jpg,cardboard,train,d5d595c06a6a3595
cardboard/cardboard395.jpg,cardboard,train,cdb9364c2ba43353
cardboard/cardboard396.jpg,cardboard,train,df183e2fb86884c6
cardboard/cardboard397.jpg,cardboard,train,b6a2a7f313cf1881
cardboard/cardboard398.jpg,cardboard,train,fce8a0a1afa58595
cardboard/cardboard399.jpg,cardboard,train,f8b18e61338e3873
cardboard/cardboard4.jpg,cardboard,val,fe7cb0a62ba6a034
cardboard/cardboard40.jpg,cardboard,train,c42f6692f302fb25
cardboard/cardboard400.jpg,cardboard,train,b09e9f8921a0ffa1
cardboard/cardboard401.jpg,cardboard,train,caaaa6a295d5a5a6
cardboard/cardboard402.jpg,cardboard,train,c09037e83f993d36
cardboard/cardboard403.jpg,cardboard,train,d5bc9ac3436324bc
cardboard/cardboard41.jpg,cardboard,train,fe7f95804397d140
cardboard/cardboard42.jpg,cardboard,train,ed9639611f142739
cardboard/cardboard43.jpg,cardboard,train,e33896954a52b5b9
cardboard/cardboard44.jpg,cardboard,train,dd66cbd492183669
cardboard/cardboard45.jpg,cardboard,train,d7a700503e3fc1bc
cardboard/cardboard46.jpg,cardboard,train,8f8d2d325a6a7398
cardboard/cardboard47.jpg,cardboard,val,81a0fdff4b0851f2
cardboard/cardboard48.jpg,cardboard,train,d0ae78560f0ef4e8
cardboard/cardboard49.jpg,cardboard,train,f0a3b7e187c28ec1
cardboard/cardboard5.jpg,cardboard,test,87c1e0f0e8b8e3bc
cardboard/cardboard50.jpg,cardboard,train,b3cc1b189cd33c87
cardboard/cardboard51.jpg,cardboard,train,d0613ff7877c4320
cardboard/cardboard52.jpg,cardboard,train,d26469b6935b664c
cardboard/cardboard53.jpg,cardboard,val,edd9e4858d2daca0
cardboard/cardboard54.jpg,cardboard,test,d8a436d666c26fc4
cardboard/cardboard55.jpg,cardboard,test,8f7c60f884dc7878
cardboard/cardboard56.jpg,cardboard,train,99396d4c49c94bda
cardboard/cardboard57.jpg,cardboard,train,9188ccd37324cded
cardboard/cardboard58.jpg,cardboard,val,c0ef950135ff5704
cardboard/cardboard59.jpg,cardboard,val,b7cec6839f3c9084
cardboard/cardboard6.jpg,cardboard,val,e070d740aa6f157e
cardboard/cardboard60.jpg,cardboard,val,e2afa4586de20b39
cardboard/cardboard61.jpg,cardboard,train,bb54ad9b06416f0b
cardboard/cardboard62.jpg,cardboard,train,dae425aff50a3590
cardboard/cardboard63.jpg,cardboard,test,d6d45a6a2aeb4585
cardboard/cardboard64.jpg,cardboard,train,c6da9332a62cb95a
cardboard/cardboard65.jpg,cardboard,test,c6e1a901dcd9097f
cardboard/cardboard66.jpg,cardboard,train,e1f3e12d3c485ec2
cardboard/cardboard67.jpg,cardboard,train,e377948ccc1c34d6
cardboard/cardboard68.jpg,cardboard,val,e92de95394329572
cardboard/cardboard69.jpg,cardboard,train,f8622e78c31ef00f
cardboard/cardboard7.jpg,cardboard,train,c6296ed9896c91e9
cardboard/cardboard70.jpg,cardboard,train,c383136dececac86
cardboard/cardboard71.jpg,cardboard,train,db1c4ad5f21331c3
cardboard/cardboard72.jpg,cardboard,train,e82ba9ada5959554
cardboard/cardboard73.jpg,cardboard,val,d62ca5cc2f4ca1dc
cardboard/cardboard74.jpg,cardboard,train,f2c630ff04ff01c2
cardboard/cardboard75.jpg,cardboard,train,c74b4acbc6b69708
cardboard/cardboard76.jpg,cardboard,train,fe3e9081477e3883
cardboard/cardboard77.jpg,cardboard,train,aa2a95a94b1256fb
cardboard/cardboard78.jpg,cardboard,test,fb5592a5864b964a
cardboard/cardboard79.jpg,cardboard,train,c14b4a9bb3c4ec78
cardboard/cardboard8.jpg,cardboard,test,ffd7c0027fa681c0
cardboard/cardboard80.jpg,cardboard,test,98a748535ca3adb5
cardboard/cardboard81.jpg,cardboard,train,a95b76643f68300f
cardboard/cardboard82.jpg,cardboard,train,f86781979c20ef98
cardboard/cardboard83.jpg,cardboard,train,d53b0a682ba58de3
cardboard/cardboard84.jpg,cardboard,train,df89e0500fe96857
cardboard/cardboard85.jpg,cardboard,train,fe4288a29f973cb0
cardboard/cardboard86.jpg,cardboard,train,e0fc96e852a5cad4
cardboard/cardboard87.jpg,cardboard,train,d433a449169f36ec
cardboard/cardboard88.jpg,cardboard,val,dc0f20f2c2ff8a51
cardboard/cardboard89.jpg,cardboard,train,9a14351b4cb326df
cardboard/cardboard9.jpg,cardboard,train,dfbf9f3eb8800090
cardboard/cardboard90.jpg,cardboard,test,e26c636c64568dcb
cardboard/cardboard91.jpg,cardboard,train,9f1e0ce0f87f2603
cardboard/cardboard92.jpg,cardboard,train,91c89ee08bee9167
cardboard/cardboard93.jpg,cardboard,train,ea55b0230ec8db37
cardboard/cardboard94.jpg,cardboard,val,ad9c1c1e0fe0c3e3
cardboard/cardboard95.jpg,cardboard,train,fe51dc3a6a956224
cardboard/cardboard96.jpg,cardboard,test,e8471da21fd5aa51
cardboard/cardboard97.jpg,cardboard,train,c4ad3693c9da2936
cardboard/cardboard98.jpg,cardboard,train,cc4a91b396368e7c
cardboard/cardboard99.jpg,cardboard,train,ee22914868b5f61f
glass/glass1.jpg,glass,train,eb989665d893269c
glass/glass10.jpg,glass,test,d59269963a4598e7
glass/glass100.jpg,glass,train,fe81e11e87787823
glass/glass101.jpg,glass,test,e3948ab6ce96c896
glass/glass102.jpg,glass,train,e924d62b4a183dcf
glass/glass103.jpg,glass,train,e31273b16399cc99
glass/glass104.jpg,glass,train,d73ac4c4c26b61f1
glass/glass105.jpg,glass,train,e54e99b366196694
glass/glass106.jpg,glass,train,f6644cf38af30661
glass/glass107.jpg,glass,train,e3b16da44da46da4
glass/glass108.jpg,glass,test,f09b8b6c5c32329b
glass/glass109.jpg,glass,val,ea4e86ac5866dad2
glass/glass11.jpg,glass,train,fbca943560ce1ce1
glass/glass110.jpg,glass,train,f8869799c619cb26
glass/glass111.jpg,glass,train,f0bf87da884c9899
glass/glass112.jpg,glass,test,fec13e7186a11e86
glass/glass113.jpg,glass,train,eb5594a83f37c0e0
glass/glass114.jpg,glass,train,e491cc6796cb3932
glass/glass115.jpg,glass,train,f363092c67333b89
glass/glass116.jpg,glass,val,e919d47c9bc36928
glass/glass117.jpg,glass,train,ec5683499394b1b7
glass/glass118.jpg,glass,train,fc58c382178fbc38
glass/glass119.jpg,glass,train,b42dc8cc38cee1ce
glass/glass12.jpg,glass,test,d4bcc9c332361cce
glass/glass120.jpg,glass,train,cea592596c2655da
glass/glass121.jpg,glass,train,e524d8d823b7b4f0
glass/glass122.jpg,glass,train,b3319a861c0eff1c
glass/glass123.jpg,glass,train,fd3b93e034968cc4
glass/glass124.jpg,glass,train,c2da95057bf820e7
glass/glass125.jpg,glass,train,e689d93726c81d95
glass/glass126.jpg,glass,test,e3b39bc9149b0a95
glass/glass127.jpg,glass,train,e627591966669999
glass/glass128.jpg,glass,val,d363accc6c311b4b
glass/glass129.jpg,glass,train,ea5993aa9645958d
glass/glass13.jpg,glass,train,d3b9cccc2733388c
glass/glass130.jpg,glass,train,eb6894cf6f3058a8
glass/glass131.jpg,glass,val,e939946e929648db
glass/glass132.jpg,glass,train,f323cc183331cf8e
glass/glass133.jpg,glass,val,e6b3d8ecc48a6532
glass/glass134.jpg,glass,val,f18e5669b3cc4c92
glass/glass135.jpg,glass,train,e4a69bd872933266
glass/glass136.jpg,glass,val,e699a59899678a72
glass/glass137.jpg,glass,train,ebf9d44892576868
glass/glass138.jpg,glass,train,f4c0935ed8b18c6b
glass/glass139.jpg,glass,train,eff086d81396a4a5
glass/glass14.jpg,glass,train,d48c99b366ec4993
glass/glass140.jpg,glass,test,f6b4c9c93446c333
glass/glass141.jpg,glass,val,9f3fc800e60cff06
glass/glass142.jpg,glass,train,e8cb96ad8da9a524
glass/glass143.jpg,glass,train,d7a0802f2fca9717
glass/glass144.jpg,glass,train,f0b8cfcd94668c38
glass/glass145.jpg,glass,test,e592d82713ec1d0f
glass/glass146.jpg,glass,val,e433999c96336366
glass/glass147.jpg,glass,test,f4324f8d3a23c78a
glass/glass148.jpg,glass,train,f996c669321c13e3
glass/glass149.jpg,glass,test,d45ec2e0c1747cbc
glass/glass15.jpg,glass,train,d1a9ccce33319cc6
glass/glass150.jpg,glass,train,bd92d689c94067d3
glass/glass151.jpg,glass,train,f2adc6733d0e81c8
glass/glass152.jpg,glass,train,fac885b57e68e013
glass/glass153.jpg,glass,train,f1b186ca994e8d99
glass/glass154.jpg,glass,train,e2928d6b959a656c
glass/glass155.jpg,glass,train,f2198d6634db8339
glass/glass156.jpg,glass,train,f58eb0c546d69a8a
glass/glass157.jpg,glass,test,849fc363d9f01dc8
glass/glass158.jpg,glass,train,e394ce89313366e6
glass/glass159.jpg,glass,test,e59a998c99392d66
glass/glass16.jpg,glass,train,d1b8cccec7e68491
glass/glass160.jpg,glass,train,f1bd82cfce302893
glass/glass161.jpg,glass,train,f574cac125389ac7
glass/glass162.jpg,glass,train,e89687589e653867
glass/glass163.jpg,glass,val,b6bbc961fd80cc0c
glass/glass164.jpg,glass,train,e72392ddcc4aa4a6
glass/glass165.jpg,glass,train,e5a9dab264d1f064
glass/glass166.jpg,glass,train,fda0923f2dc0923e
glass/glass167.jpg,glass,train,b7c9c904c437c63b
glass/glass168.jpg,glass,train,e3a594da926919b9
glass/glass169.jpg,glass,train,b1199e4fc78c4d1c
glass/glass17.jpg,glass,train,ded2e1291cf535c0
glass/glass170.jpg,glass,test,b2198d3634bb33cc
glass/glass171.jpg,glass,train,b91b9696694930e7
glass/glass172.jpg,glass,train,ebc3953c63c31ac8
glass/glass173.jpg,glass,train,e49bda691966998c
glass/glass174.jpg,glass,val,b3b197489bc98dc8
glass/glass175.jpg,glass,val,b38ecd2650b35b8c
glass/glass176.jpg,glass,train,95e5f8aa074b264d
glass/glass177.jpg,glass,train,8aa4d53f4f90609f
glass/glass178.jpg,glass,train,90f6cdc93032c7c7
glass/glass179.jpg,glass,train,b3d990243b76f982
glass/glass18.jpg,glass,train,dd62c31c3ec3901f
glass/glass180.jpg,glass,val,df94c0333e8dc3d0
glass/glass181.jpg,glass,train,8c07d92ccdb36995
glass/glass182.jpg,glass,train,f331cc8c333119cf
glass/glass183.jpg,glass,train,f1a68eb833e68c98
glass/glass184.jpg,glass,train,e36356d545639a8c
glass/glass185.jpg,glass,train,bfbec06880951f93
glass/glass186.jpg,glass,val,b89ac5cd869e9a19
glass/glass187.jpg,glass,val,d0bcc5c330b8c7e6
glass/glass188.jpg,glass,train,d1b8ccce993131ce
glass/glass189.jpg,glass,test,e64d9932da94a569
glass/glass19.jpg,glass,train,ef9dc0609e0f2cd2
glass/glass190.jpg,glass,train,85cbf03f201f01df
glass/glass191.jpg,glass,test,d08ec7e13c38c3c7
glass/glass192.jpg,glass,train,ae569426d278db70
glass/glass193.jpg,glass,train,f2a389d964cc3333
glass/glass194.jpg,glass,train,fe9ec1c13e1ec038
glass/glass195.jpg,glass,train,f5aa90c5835ccf38
glass/glass196.jpg,glass,train,d78c0c338b9b19cb
glass/glass197.jpg,glass,test,e5929b9b66649899
glass/glass198.jpg,glass,train,f1128ccec767924d
glass/glass199.jpg,glass,val,af4a4260b9b9999e
glass/glass2.jpg,glass,train,f1accce363891c3c
glass/glass20.jpg,glass,train,e1cd98a58db59692
glass/glass200.jpg,glass,train,fa5f9a3c272c8c11
glass/glass201.jpg,glass,train,f8854b2e2798cd66
glass/glass202.jpg,glass,train,f9a296d389494d99
glass/glass203.jpg,glass,train,f44d973264cdc932
glass/glass204.jpg,glass,train,fe00c47b33569ce1
glass/glass205.jpg,glass,val,f103cef8cd9cc11c
glass/glass206.jpg,glass,train,e94995b6c618636e
glass/glass207.jpg,glass,val,e90d963263cd9c33
glass/glass208.jpg,glass,train,fbc1c43636e82963
glass/glass209.jpg,glass,train,f030cfc7323c3cc3
glass/glass21.jpg,glass,test,b9b1b65ad81cc839
glass/glass210.jpg,glass,test,e70c98b3474c3967
glass/glass211.jpg,glass,test,9686c9e1363e8b1b
glass/glass212.jpg,glass,train,f38c8c3330cccf1e
glass/glass213.jpg,glass,test,968d8933269d5976
glass/glass214.jpg,glass,val,938b46a6cc999973
glass/glass215.jpg,glass,test,e49399ec66936934
glass/glass216.jpg,glass,train,f6f6c0c03e3ec1c1
glass/glass217.jpg,glass,train,b838c7c73b3e1838
glass/glass218.jpg,glass,train,ef61909e3b61e48c
glass/glass219.jpg,glass,val,f93cccb1e1c68742
glass/glass22.jpg,glass,train,e49ac92663e4cc9b
glass/glass220.jpg,glass,train,f4c9c96432d3cd2c
glass/glass221.jpg,glass,val,e6db996498996626
glass/glass222.jpg,glass,train,e4cd9b3264cd9166
glass/glass223.jpg,glass,train,e5db9865239acd60
glass/glass224.jpg,glass,train,c5d1d86727d8c827
glass/glass225.jpg,glass,train,edeb92346dc99824
glass/glass226.jpg,glass,test,e3949e64639b968c
glass/glass227.jpg,glass,train,f4c3c93c63cf1861
glass/glass228.jpg,glass,test,e69b996c26368999
glass/glass229.jpg,glass,train,ea3495cb623ccec2
glass/glass23.jpg,glass,val,f0bdcb633c44c2e1
glass/glass230.jpg,glass,train,f464c993303cc7c7
glass/glass231.jpg,glass,train,b1c3ce3ccccccc8c
glass/glass232.jpg,glass,train,f88d85778e693099
glass/glass233.jpg,glass,test,c56d4c4d591b92d6
glass/glass234.jpg,glass,train,d871c70e39f3061d
glass/glass235.jpg,glass,val,d64e997364674c13
glass/glass236.jpg,glass,test,f464cf9931674c38
glass/glass237.jpg,glass,train,b766cc993b32c0c9
glass/glass238.jpg,glass,train,f33198cc6666cc9c
glass/glass239.jpg,glass,test,cb56b44b6b949869
glass/glass24.jpg,glass,train,f311cc6e270ccc73
glass/glass240.jpg,glass,test,c9b4d369b44a9999
glass/glass241.jpg,glass,train,b34e5c7331cc8c33
glass/glass242.jpg,glass,val,d455b3ac4cd39664
glass/glass243.jpg,glass,train,ec49929493ced993
glass/glass244.jpg,glass,train,a5e4c81b3fe4d01b
glass/glass245.jpg,glass,train,ec129b4de631399c
glass/glass246.jpg,glass,train,b9c0ce3b70c41ff0
glass/glass247.jpg,glass,train,b1ffce1271448d91
glass/glass248.jpg,glass,test,ee64919b663e4865
glass/glass249.jpg,glass,train,adc9933660c939b3
glass/glass25.jpg,glass,test,e1865a2479dda656
glass/glass250.jpg,glass,train,acc9d3363dc1863c
glass/glass251.jpg,glass,train,f699c8c047e63a2b
glass/glass252.jpg,glass,test,a6d99966668c9965
glass/glass253.jpg,glass,train,e49b9a6719654936
glass/glass254.jpg,glass,train,b9c639c496798639
glass/glass255.jpg,glass,train,ef2fc0d0b00f1b93
glass/glass256.jpg,glass,train,b4c93be49378833c
glass/glass257.jpg,glass,val,c6b75b994c89760c
glass/glass258.jpg,glass,train,a6fc9937f8010ef0
glass/glass259.jpg,glass,train,e4639b3c649e31e1
glass/glass26.jpg,glass,test,fb488d35f0c61ae8
glass/glass260.jpg,glass,train,f097cf7c6823904e
glass/glass261.jpg,glass,test,e29cca67991c4ec3
glass/glass262.jpg,glass,train,e49b6599649b9964
glass/glass263.jpg,glass,train,a37fcc00f78c18e6
glass/glass264.jpg,glass,train,ea359a4fa743a854
glass/glass265.jpg,glass,train,e14b9a96b4ad394a
glass/glass266.jpg,glass,train,b3e1c93ee3dc0618
glass/glass267.jpg,glass,val,ea6ac095953df183
glass/glass268.jpg,glass,train,ad3e990c96c9c4f2
glass/glass269.jpg,glass,train,e62691d9ea66360d
glass/glass27.jpg,glass,val,e1b492ce9a999999
glass/glass270.jpg,glass,train,f1664c31cf39c631
glass/glass271.jpg,glass,train,f266cc31929a9b99
glass/glass272.jpg,glass,train,8a8af5b40aca7f29
glass/glass273.jpg,glass,val,e5679a9e98cc2199
glass/glass274.jpg,glass,train,c049ffb6040937ee
glass/glass275.jpg,glass,val,ca4a4ab4b5a5b9a5
glass/glass276.jpg,glass,train,e6d9926609dd12e9
glass/glass277.jpg,glass,train,fc8781717e8a3895
glass/glass278.jpg,glass,train,e3671f14241af47a
glass/glass279.jpg,glass,train,c56ccc8590e65ef8
glass/glass28.jpg,glass,train,e16fce38c9c338c4
glass/glass280.jpg,glass,train,a49b9bc9c90c1cf5
glass/glass281.jpg,glass,train,f6b4996626999961
glass/glass282.jpg,glass,train,f5a59a8ec9926496
glass/glass283.jpg,glass,train,e994de634d64b186
glass/glass284.jpg,glass,train,f38c9e72cd238c91
glass/glass285.jpg,glass,train,e39e2966949961b6
glass/glass286.jpg,glass,val,e5929c9a99669966
glass/glass287.jpg,glass,val,f4c3f8e7021cc1ec
glass/glass288.jpg,glass,val,f63159ce46983933
glass/glass289.jpg,glass,train,e38c13d98f31cc36
glass/glass29.jpg,glass,train,e7b3998d46a48999
glass/glass290.jpg,glass,val,b108e6f9de07c03e
glass/glass291.jpg,glass,train,eea58d524a4b9595
glass/glass292.jpg,glass,test,e692499dd8636636
glass/glass293.jpg,glass,train,fc81879ece78a132
glass/glass294.jpg,glass,train,be39c1c0c7c63687
glass/glass295.jpg,glass,train,f48a834c8d72beb1
glass/glass296.jpg,glass,train,fd8296cb27257a90
glass/glass297.jpg,glass,train,f4aa834ccd732696
glass/glass298.jpg,glass,train,e5258c9e86666dcc
glass/glass299.jpg,glass,test,fc3c8381435a4baf
glass/glass3.jpg,glass,test,d3838cac3633d9c9
glass/glass30.jpg,glass,train,e6999999d9266626
glass/glass300.jpg,glass,train,e692499cd9998ccd
glass/glass301.jpg,glass,val,ca0ab5fd47c4c07a
glass/glass302.jpg,glass,train,fca19260c363a7cb
glass/glass303.jpg,glass,train,ff8ac0603b955a9a
glass/glass304.jpg,glass,train,d56a5a2a27395d26
glass/glass305.jpg,glass,train,c929d62e4a786367
glass/glass306.jpg,glass,test,ea27959ccac2e1e1
glass/glass307.jpg,glass,test,b000c999e6fc72f6
glass/glass308.jpg,glass,train,bd9fc0788ea6d061
glass/glass309.jpg,glass,train,f863a78a86929d4b
glass/glass31.jpg,glass,train,b792c8c93c4727c6
glass/glass310.jpg,glass,train,eff0827d20479b8c
glass/glass311.jpg,glass,train,f7bec060390fe2d0
glass/glass312.jpg,glass,test,e07f82e69b3819e1
glass/glass313.jpg,glass,train,b6d90dc5c0e6e3e0
glass/glass314.jpg,glass,train,b997c6ece6f01806
glass/glass315.jpg,glass,train,eccf94614e6c8936
glass/glass316.jpg,glass,train,fb359e6b91a0506c
glass/glass317.jpg,glass,train,f35ddc3123959d40
glass/glass318.jpg,glass,train,f0a987b799ca434c
glass/glass319.jpg,glass,train,82bdedd0372ad4c1
glass/glass32.jpg,glass,train,e3b1ccea353289c5
glass/glass320.jpg,glass,train,e116966b3994c6cb
glass/glass321.jpg,glass,val,f299983333d3c913
glass/glass322.jpg,glass,train,ecc28d1f3027e38e
glass/glass323.jpg,glass,train,b1cec7f003191f3c
glass/glass324.jpg,glass,train,f8b5d1969a8a613c
glass/glass325.jpg,glass,val,f078cfcf30383133
glass/glass326.jpg,glass,train,ea4a9bb9e1c716a0
glass/glass327.jpg,glass,train,c020ffff070038bf
glass/glass328.jpg,glass,train,e17999b1239999c9
glass/glass329.jpg,glass,train,e694989ac9936733
glass/glass33.jpg,glass,train,e2b85ccee7c3c181
glass/glass330.jpg,glass,train,f18ecccd30326793
glass/glass331.jpg,glass,train,f0af9a3848b366ac
glass/glass332.jpg,glass,train,f9698d1cb0c31af2
glass/glass333.jpg,glass,val,e66d49635966d826
glass/glass334.jpg,glass,train,f63d9c0a8d46a2d3
glass/glass335.jpg,glass,val,e39439cdb3ca6825
glass/glass336.jpg,glass,train,e6a99cc39bca6530
glass/glass337.jpg,glass,train,f424db3168993ec3
glass/glass338.jpg,glass,train,b466c3993c67c332
glass/glass339.jpg,glass,train,f323d9892626d999
glass/glass34.jpg,glass,train,eba5d41e923364f0
glass/glass340.jpg,glass,val,eca99b669698964a
glass/glass341.jpg,glass,val,f847ce38c38c39c3
glass/glass342.jpg,glass,test,e178563553553a53
glass/glass343.jpg,glass,train,ebb49c9836931363
glass/glass344.jpg,glass,val,f3b4996166d89923
glass/glass345.jpg,glass,train,e4b6db9898999899
glass/glass346.jpg,glass,train,e2b3b1b5564aac54
glass/glass347.jpg,glass,train,dec9a6b12c8f804f
glass/glass348.jpg,glass,train,fa7a85e11e977060
glass/glass349.jpg,glass,train,f8876c31acc7994c
glass/glass35.jpg,glass,test,fbe1d405cab2cc1c
glass/glass350.jpg,glass,train,e2899d9232b36e6c
glass/glass351.jpg,glass,train,ce6ae8a2037fdc06
glass/glass352.jpg,glass,val,f09a8b64ce9c5b38
glass/glass353.jpg,glass,train,e59a9b286633d2cc
glass/glass354.jpg,glass,train,f7b0903f68e00f1d
glass/glass355.jpg,glass,test,e24ade9931e39a1a
glass/glass356.jpg,glass,train,f9bcc4c29b528b91
glass/glass357.jpg,glass,train,e42bb6159269c976
glass/glass358.jpg,glass,train,e6989552936eac65
glass/glass359.jpg,glass,val,fb55f06abc6ae080
glass/glass36.jpg,glass,train,e79c9a2364e6c899
glass/glass360.jpg,glass,train,febc80407bacb45a
glass/glass361.jpg,glass,val,e9b6978724989971
glass/glass362.jpg,glass,train,f2734b234c277698
glass/glass363.jpg,glass,train,ed92922d52c0bb37
glass/glass364.jpg,glass,train,cbd48ad0a7dc899a
glass/glass365.jpg,glass,val,b232db73648d3364
glass/glass366.jpg,glass,train,ecb69b89d4266623
glass/glass367.jpg,glass,train,f4ba83403e9cc9d3
glass/glass368.jpg,glass,train,e5929b989b933266
glass/glass369.jpg,glass,train,fcaac370380fc6f0
glass/glass37.jpg,glass,train,aad091e93e96e1e1
glass/glass370.jpg,glass,test,f67e88c0753e4ae0
glass/glass371.jpg,glass,train,fca3c3cdcc8c3c30
glass/glass372.jpg,glass,train,d92bc6e0291736f8
glass/glass373.jpg,glass,train,e63399249b669b26
glass/glass374.jpg,glass,test,cc80b2012dff4bdb
glass/glass375.jpg,glass,train,f19d8e6891634e9c
glass/glass376.jpg,glass,val,f6c0ad5470669cb3
glass/glass377.jpg,glass,train,ec9ce6739149946a
glass/glass378.jpg,glass,train,e39c96616a9c9473
glass/glass379.jpg,glass,test,b029db9ec2b38f90
glass/glass38.jpg,glass,train,fc81961c786586de
glass/glass380.jpg,glass,train,d1594d067619cb67
glass/glass381.jpg,glass,train,fa4ac297bce00337
glass/glass382.jpg,glass,train,ee9599626c659869
glass/glass383.jpg,glass,train,f8a5a59bc64ea498
glass/glass384.jpg,glass,train,fbca84b5397ae202
glass/glass385.jpg,glass,val,e99ea6b426334cc9
glass/glass386.jpg,glass,train,e299b472cd5c92a3
glass/glass387.jpg,glass,val,ed8cd05393583f64
glass/glass388.jpg,glass,test,e3b3996c6d909625
glass/glass389.jpg,glass,train,ea4e91b5873292b6
glass/glass39.jpg,glass,train,fa8f855c9c6268a9
glass/glass390.jpg,glass,train,f8851e2136da8d76
glass/glass391.jpg,glass,train,eab585d0484fc5f4
glass/glass392.jpg,glass,train,e18d86eb9ac64e98
glass/glass393.jpg,glass,train,d5b65198895aa9b6
glass/glass394.jpg,glass,train,9e0fc10767e113f1
glass/glass395.jpg,glass,train,fcaa81623ccdc333
glass/glass396.jpg,glass,train,d7949da49919a9a9
glass/glass397.jpg,glass,train,ea3585d2dc6d2730
glass/glass398.jpg,glass,train,f0bf86c9583426b3
glass/glass399.jpg,glass,train,c0ef9514fe0045fd
glass/glass4.jpg,glass,train,d69989ee26b119cc
glass/glass40.jpg,glass,val,f7c18d6883b3899a
glass/glass400.jpg,glass,val,c7c9984bb35ab292
glass/glass401.jpg,glass,train,c287d3406f6cb09f
glass/glass402.jpg,glass,train,e19486839e9999db
glass/glass403.jpg,glass,train,f489473cc2ad16b9
glass/glass404.jpg,glass,train,c6635b9c4c196736
glass/glass405.jpg,glass,test,e59b966769a43324
glass/glass406.jpg,glass,train,f2358d5256c328bd
glass/glass407.jpg,glass,train,de54c19f38e0872e
glass/glass408.jpg,glass,val,cd82b2ed1a1069bf
glass/glass409.jpg,glass,val,f9b0874258cc6d37
glass/glass41.jpg,glass,train,e79e9839496624d5
glass/glass410.jpg,glass,test,ff80879c70e79498
glass/glass411.jpg,glass,train,e7379bc98543a158
glass/glass412.jpg,glass,val,ef809c2f99b1624e
glass/glass413.jpg,glass,train,e93594725e0f6730
glass/glass414.jpg,glass,train,f5be905a89c9a6c4
glass/glass415.jpg,glass,train,fb69c4843b3bc0e4
glass/glass416.jpg,glass,test,fe81529f2861679a
glass/glass417.jpg,glass,train,f13187c794588ec7
glass/glass418.jpg,glass,test,f69999cca6660c53
glass/glass419.jpg,glass,train,f48e8349cde626b4
glass/glass42.jpg,glass,test,be3fb138f033c218
glass/glass420.jpg,glass,train,fe93d5a821475a1c
glass/glass421.jpg,glass,train,e3639c8e4e9598d8
glass/glass422.jpg,glass,train,f070cfc7323c9931
glass/glass423.jpg,glass,train,ff9ed1612a86a270
glass/glass424.jpg,glass,test,f3738131c3c731c6
glass/glass425.jpg,glass,test,e4ad92da9b4c8cc9
glass/glass426.jpg,glass,train,f08bc770b9c19a4e
glass/glass427.jpg,glass,train,f0b7cb0c4cd831c7
glass/glass428.jpg,glass,train,f4a78b4e4c3123e6
glass/glass429.jpg,glass,train,e1bf986d214e229b
glass/glass43.jpg,glass,val,ecc297cc99731386
glass/glass430.jpg,glass,test,e5928e9c99287367
glass/glass431.jpg,glass,test,e797953e92d99810
glass/glass432.jpg,glass,val,f894cbe5163b3862
glass/glass433.jpg,glass,train,f3ceb9a7a4814a49
glass/glass434.jpg,glass,train,febe80c06f27b118
glass/glass435.jpg,glass,test,fa3d9ea3192c84c9
glass/glass436.jpg,glass,test,e1799299469b929b
glass/glass437.jpg,glass,train,e87897cf653018cb
glass/glass438.jpg,glass,train,fd49903f0fc0309f
glass/glass439.jpg,glass,train,8078ca8fe0e91fe6
glass/glass44.jpg,glass,train,d928d6a0790fce66
glass/glass440.jpg,glass,val,eaab99cc96752312
glass/glass441.jpg,glass,test,f1865b7c24719786
glass/glass442.jpg,glass,train,fec28eb9b224a1a5
glass/glass443.jpg,glass,val,f087965c736c8e91
glass/glass444.jpg,glass,train,f373cc8c233370cc
glass/glass445.jpg,glass,train,cb80f4ff11db2a24
glass/glass446.jpg,glass,val,e87885c56a32b5e5
glass/glass447.jpg,glass,test,e3a5949ad365ab41
glass/glass448.jpg,glass,train,9aece502c30f1ef8
glass/glass449.jpg,glass,train,e56a9293694a956d
glass/glass45.jpg,glass,train,d138964e6d34aae5
glass/glass450.jpg,glass,train,d8d5809e8b6e78b4
glass/glass451.jpg,glass,test,caca9d31658db436
glass/glass452.jpg,glass,test,e39d98999494336b
glass/glass453.jpg,glass,train,e50b5a296966769a
glass/glass454.jpg,glass,train,b439cbc34ccc363c
glass/glass455.jpg,glass,train,b4d9d20d810fcece
glass/glass456.jpg,glass,val,d6ae81792fca5055
glass/glass457.jpg,glass,train,eb9c9572ce498992
glass/glass458.jpg,glass,train,e58f967099929b98
glass/glass459.jpg,glass,train,e169999db561989a
glass/glass46.jpg,glass,val,f33e8cc2333d0cc6
glass/glass460.jpg,glass,train,af65c0923f69e096
glass/glass461.jpg,glass,train,b626c1e1f8f3c191
glass/glass462.jpg,glass,val,8000df0ee7cff0e3
glass/glass463.jpg,glass,train,ec9b91644adaa5b4
glass/glass464.jpg,glass,train,d59586e62b88aaab
glass/glass465.jpg,glass,test,f88787794a3ca147
glass/glass466.jpg,glass,train,e49a956c7364c996
glass/glass467.jpg,glass,train,e1b3dc6e95323928
glass/glass468.jpg,glass,val,bf3fd230c8d130c9
glass/glass469.jpg,glass,val,e58c98612bcc69de
glass/glass47.jpg,glass,train,f41ace6531986ce3
glass/glass470.jpg,glass,train,eac595177628c678
glass/glass471.jpg,glass,val,f2ecb38c27ac86c8
glass/glass472.jpg,glass,train,e4659b649b923693
glass/glass473.jpg,glass,train,f38c9339c6273398
glass/glass474.jpg,glass,test,fce3903c22ca1df4
glass/glass475.jpg,glass,train,d9aec44bc2e33b90
glass/glass476.jpg,glass,train,e6c999d922a6cc99
glass/glass477.jpg,glass,train,f51aca65313a8fc1
glass/glass478.jpg,glass,train,fc9cc361960e3578
glass/glass479.jpg,glass,train,f138b839143abd9c
glass/glass48.jpg,glass,train,f347cc30c6cf38c4
glass/glass480.jpg,glass,train,fab4d47a994ca642
glass/glass481.jpg,glass,train,fa8d97c0aba02dd8
glass/glass482.jpg,glass,train,ea66b1499569d4a9
glass/glass483.jpg,glass,train,faa4994ba4529bc5
glass/glass484.jpg,glass,train,f38c9a7965919a98
glass/glass485.jpg,glass,train,f4bec3c1c1c79238
glass/glass486.jpg,glass,train,f689c4722d87d06e
glass/glass487.jpg,glass,test,d5aade41aa1dc662
glass/glass488.jpg,glass,train,f4ba93c78c59544c
glass/glass489.jpg,glass,train,adf0e3809ec7da09
glass/glass49.jpg,glass,train,f1ecd97396304638
glass/glass490.jpg,glass,train,e36948ce4c796366
glass/glass491.jpg,glass,train,f18a8f54708dcf32
glass/glass492.jpg,glass,train,a0f8bf1ccbc1ccc4
glass/glass493.jpg,glass,test,f484995ec91ecb70
glass/glass494.jpg,glass,train,e603991b67659a9a
glass/glass495.jpg,glass,val,f7339b36644ccc11
glass/glass496.jpg,glass,test,cd64969a6b699516
glass/glass497.jpg,glass,train,b626c3e8ce9b19c1
glass/glass498.jpg,glass,val,e9cb3293768437a4
glass/glass499.jpg,glass,train,f13399b333303333
glass/glass5.jpg,glass,train,d1ae8eb131b9c1c6
glass/glass50.jpg,glass,train,ed1a82e6ba9b4358
glass/glass500.jpg,glass,test,d5eade112bc6d118
glass/glass501.jpg,glass,val,f39dc2a8471b1c39
glass/glass51.jpg,glass,train,e59a9969466d929c
glass/glass52.jpg,glass,val,b19fde49c036c153
glass/glass53.jpg,glass,train,ee91976a66959164
glass/glass54.jpg,glass,val,ebb552a656922366
glass/glass55.jpg,glass,train,a525c2e49d0f63dc
glass/glass56.jpg,glass,train,e633bb99c88c8ccc
glass/glass57.jpg,glass,train,e7b6995ab3318264
glass/glass58.jpg,glass,train,e5394c9966936e92
glass/glass59.jpg,glass,test,e38dd6494d32cc9a
glass/glass6.jpg,glass,train,f3b38ccc8ccc0c73
glass/glass60.jpg,glass,train,d94d8cb3725624b5
glass/glass61.jpg,glass,train,f8a6876c4ecc949c
glass/glass62.jpg,glass,train,c225b65bce9349c5
glass/glass63.jpg,glass,train,e59a986093db99cc
glass/glass64.jpg,glass,val,e5839ec965639692
glass/glass65.jpg,glass,train,f4b993638c4c66b2
glass/glass66.jpg,glass,train,adedd29661093b64
glass/glass67.jpg,glass,train,ed939264590f96d8
glass/glass68.jpg,glass,train,e5369acd969b3103
glass/glass69.jpg,glass,train,b7e0c81f37e0c01f
glass/glass7.jpg,glass,train,e54c93b695b29c13
glass/glass70.jpg,glass,train,eac89574432ed837
glass/glass71.jpg,glass,test,e6b39a66998cc8cc
glass/glass72.jpg,glass,train,e9b0d94ea6553239
glass/glass73.jpg,glass,train,d2259cca65735a8d
glass/glass74.jpg,glass,train,f3738c0c3333cccc
glass/glass75.jpg,glass,train,bf84d0332f4c2fc2
glass/glass76.jpg,glass,train,e561989e69996665
glass/glass77.jpg,glass,test,e263ce9c65451dd1
glass/glass78.jpg,glass,test,f9798686a41c1df1
glass/glass79.jpg,glass,val,e66d89329cb29c96
glass/glass8.jpg,glass,train,e7cc336649339266
glass/glass80.jpg,glass,train,b91a88c8f4f8cc97
glass/glass81.jpg,glass,train,eb3594c2723d2d86
glass/glass82.jpg,glass,test,e7648d5b66648ccc
glass/glass83.jpg,glass,train,ed6d9092521dbde0
glass/glass84.jpg,glass,train,eb95944e1a6c6335
glass/glass85.jpg,glass,test,e9b1d4c287c3cf06
glass/glass86.jpg,glass,train,f38d8e3cac3318c6
glass/glass87.jpg,glass,test,ee91996a624d6c96
glass/glass88.jpg,glass,val,ed7d96c0c1693c1c
glass/glass89.jpg,glass,val,e19cc4db8b6d8c68
glass/glass9.jpg,glass,train,a4659a98e36f32c6
glass/glass90.jpg,glass,train,f32cc9b35024ab7a
glass/glass91.jpg,glass,train,ceb1d5626994a95a
glass/glass92.jpg,glass,train,f1b286cfcc3468b2
glass/glass93.jpg,glass,val,f3638c820a1c9df7
glass/glass94.jpg,glass,train,e49b9867a49a9b64
glass/glass95.jpg,glass,train,adc0c23f3dc1c31e
glass/glass96.jpg,glass,val,f39bcccccc8c3033
glass/glass97.jpg,glass,test,ec5d95894992ae69
glass/glass98.jpg,glass,test,e1389c329a9bdc33
glass/glass99.jpg,glass,train,e18e9519d312e63d
metal/metal1.jpg,metal,test,bc38c90f3ec40737
metal/metal10.jpg,metal,train,cbaa925657569694
metal/metal100.jpg,metal,test,e16586629e99d89e
metal/metal101.jpg,metal,train,e3958c6a396a5699
metal/metal102.jpg,metal,train,f49b9acc1932c633
metal/metal103.jpg,metal,test,f58e82796d3230cb
metal/metal104.jpg,metal,train,e7a39a8e8c64cd49
metal/metal105.jpg,metal,test,f698c12887ce393e
metal/metal106.jpg,metal,val,e99792887561c79c
metal/metal107.jpg,metal,train,b43cc3c3cccd346c
metal/metal108.jpg,metal,train,ffe080879f1c5878
metal/metal109.jpg,metal,train,e4a4945ba9545bad
metal/metal11.jpg,metal,train,deb03147c7642ecc
metal/metal110.jpg,metal,train,af30d2cbf825c0c7
metal/metal111.jpg,metal,train,f7c74ea8a9c8a191
metal/metal112.jpg,metal,train,e98d953286cb336c
metal/metal113.jpg,metal,train,e79899368c8cbb62
metal/metal114.jpg,metal,train,e2a5bbdd16190d68
metal/metal115.jpg,metal,train,cc189ebc787035e9
metal/metal116.jpg,metal,val,f5838e4d582733a6
metal/metal117.jpg,metal,train,f8d8c787c6472c94
metal/metal118.jpg,metal,train,ed49a03c1ff0f0c3
metal/metal119.jpg,metal,val,f1a996e68c985999
metal/metal12.jpg,metal,test,fc8f6ad517600a35
metal/metal120.jpg,metal,train,cff0b007a59f9434
metal/metal121.jpg,metal,val,f8c39cb1c74c5992
metal/metal122.jpg,metal,train,f046cf19664d3966
metal/metal123.jpg,metal,train,f1d18763518dcab1
metal/metal124.jpg,metal,train,f1a68f6934649393
metal/metal125.jpg,metal,train,f85cc7e198926369
metal/metal126.jpg,metal,train,cfb43cf2708370c3
metal/metal127.jpg,metal,train,e92187679c86339e
metal/metal128.jpg,metal,test,f1b88e8b83c36363
metal/metal129.jpg,metal,train,f089cfc6ce3c3831
metal/metal13.jpg,metal,train,cc91aab3b5b234a5
metal/metal130.jpg,metal,val,e1944e9359349b67
metal/metal131.jpg,metal,train,e5a69a684974b7c2
metal/metal132.jpg,metal,train,ffd0800fd7b4a2c8
metal/metal133.jpg,metal,train,e2d39d6c949991b2
metal/metal134.jpg,metal,train,f2858f9871ad6632
metal/metal135.jpg,metal,val,f08f9c23264cdb53
metal/metal136.jpg,metal,train,e3949b6e91866a8d
metal/metal137.jpg,metal,train,fc81835e3e60c5c7
metal/metal138.jpg,metal,train,f18686696c7326a7
metal/metal139.jpg,metal,train,ec8999d15b939392
metal/metal14.jpg,metal,train,e2a68d959a56197a
metal/metal140.jpg,metal,train,ed89913366c6999a
metal/metal141.jpg,metal,train,f2ced99191999564
metal/metal142.jpg,metal,train,f19cc6a3c493c9c3
metal/metal143.jpg,metal,train,fec1b15e8c32c12d
metal/metal144.jpg,metal,train,e798871cc04bab6e
metal/metal145.jpg,metal,train,e5b6dac98c2131ce
metal/metal146.jpg,metal,val,e58b9a696724b692
metal/metal147.jpg,metal,val,a3b4df07d93c0cc1
metal/metal148.jpg,metal,val,f366ccc93332cc32
metal/metal149.jpg,metal,train,b333ccc633988c67
metal/metal15.jpg,metal,train,b15cc3714c93336d
metal/metal150.jpg,metal,val,eb96d0294b9466cb
metal/metal151.jpg,metal,train,aac02d2fb43dd2f0
metal/metal152.jpg,metal,val,f333cccc3331cc46
metal/metal153.jpg,metal,train,fe81c08e903f717a
metal/metal154.jpg,metal,train,e63199ce66399866
metal/metal155.jpg,metal,train,e366cccc33338ccc
metal/metal156.jpg,metal,train,e666989826d9dc63
metal/metal157.jpg,metal,test,ff8fc0344f613483
metal/metal158.jpg,metal,train,eb9994245b926769
metal/metal159.jpg,metal,test,e66699996666c919
metal/metal16.jpg,metal,test,f5a09f98124e8dcd
metal/metal160.jpg,metal,test,f366cc99338ccc32
metal/metal161.jpg,metal,train,e6795866d436911d
metal/metal162.jpg,metal,train,dbc467c2de88d922
metal/metal163.jpg,metal,train,bf3e90c0d88cc5e6
metal/metal164.jpg,metal,train,f17884979bcc6139
metal/metal165.jpg,metal,val,f2738dcc263389cc
metal/metal166.jpg,metal,train,d77388cc263399cc
metal/metal167.jpg,metal,test,e1b28e4dd9316566
metal/metal168.jpg,metal,train,f1b99ccc82c3871e
metal/metal169.jpg,metal,val,d827219ec6c78c6d
metal/metal17.jpg,metal,val,f4a4d2d2c183cecd
metal/metal170.jpg,metal,train,e52432369933cdd9
metal/metal171.jpg,metal,test,cf0732d9b1c4d1c6
metal/metal172.jpg,metal,train,cb053c99e03ec5f2
metal/metal173.jpg,metal,val,cf4b3031b43cb69c
metal/metal174.jpg,metal,test,f84b8b38a5655c93
metal/metal175.jpg,metal,test,cb4834653633b679
metal/metal176.jpg,metal,train,c595326bbf70e2a0
metal/metal177.jpg,metal,test,edfa34890a0f07e5
metal/metal178.jpg,metal,train,f2c9cc663399cc64
metal/metal179.jpg,metal,val,e4d993666d483699
metal/metal18.jpg,metal,train,f48b8b343cd3c34c
metal/metal180.jpg,metal,val,8e39bb42dd21ac33
metal/metal181.jpg,metal,test,fcb2439bcc383833
metal/metal182.jpg,metal,train,f619cc66313364ce
metal/metal183.jpg,metal,train,f1c6c73838c78e38
metal/metal184.jpg,metal,train,ebb094669cc99b89
metal/metal185.jpg,metal,train,ea9585ca9761b49c
metal/metal186.jpg,metal,train,f38c8e31714eda91
metal/metal187.jpg,metal,val,b839c3933f8f0c32
metal/metal188.jpg,metal,train,f93b9687d0d06169
metal/metal189.jpg,metal,train,ef62d521c20de31d
metal/metal19.jpg,metal,train,b4349332cfcb98cc
metal/metal190.jpg,metal,train,fd389091e4339b66
metal/metal191.jpg,metal,train,fe39c090273326cf
metal/metal192.jpg,metal,val,ed79362c9998312e
metal/metal193.jpg,metal,train,ff62b08c3332c3c9
metal/metal194.jpg,metal,train,bc23cb99f10d38c3
metal/metal195.jpg,metal,test,e5269a99656699cc
metal/metal196.jpg,metal,train,dc3c2cfa33d660a8
metal/metal197.jpg,metal,train,e97096c7cc3c1ac9
metal/metal198.jpg,metal,train,b6c9c13e9e631866
metal/metal199.jpg,metal,train,ef3f90c061393e07
metal/metal2.jpg,metal,train,f164ce8639996467
metal/metal20.jpg,metal,train,e738bde034c3b0c3
metal/metal200.jpg,metal,train,b118c3638d8fcce6
metal/metal201.jpg,metal,train,e47891c7cf1c30e3
metal/metal202.jpg,metal,train,f8c3c33ccd324719
metal/metal203.jpg,metal,train,f6b68c8939266633
metal/metal204.jpg,metal,train,e58d9a9869666699
metal/metal205.jpg,metal,train,f1c4cd363e317198
metal/metal206.jpg,metal,train,f673998c30334d66
metal/metal207.jpg,metal,train,f266cd99306c6333
metal/metal208.jpg,metal,train,f3718cce33398266
metal/metal209.jpg,metal,test,e65a996563986c93
metal/metal21.jpg,metal,train,e5969a269b64636c
metal/metal210.jpg,metal,val,e5599e2669662699
metal/metal211.jpg,metal,train,f3648c9333d93364
metal/metal212.jpg,metal,train,b030cfc73cce7138
metal/metal213.jpg,metal,train,f32c8c673098c773
metal/metal214.jpg,metal,train,e69399cc663399c4
metal/metal215.jpg,metal,train,f44ecb306cc333cc
metal/metal216.jpg,metal,train,e44c933399cd666c
metal/metal217.jpg,metal,train,bd33c2f23fc18819
metal/metal218.jpg,metal,train,e19e986b6693496c
metal/metal219.jpg,metal,train,e4b29b60cb5189cf
metal/metal22.jpg,metal,train,e7a39c28596567c4
metal/metal220.jpg,metal,train,e1cb96cc9a1ac965
metal/metal221.jpg,metal,train,ceb13147ce648ecc
metal/metal222.jpg,metal,train,e8a6879d94929c9b
metal/metal223.jpg,metal,train,ea95d8aab4b59922
metal/metal224.jpg,metal,train,f6ce813d4e60b195
metal/metal225.jpg,metal,train,f089c2af9b2cce32
metal/metal226.jpg,metal,train,fa2ca5689723ce26
metal/metal227.jpg,metal,test,f1c39ecc4c61b332
metal/metal228.jpg,metal,test,f2b9cd8464b36389
metal/metal229.jpg,metal,train,fc93b04e659ad390
metal/metal23.jpg,metal,val,ea859c915a6b6965
metal/metal230.jpg,metal,train,f994cb3cb18ec318
metal/metal231.jpg,metal,train,b4248ce1f99f3742
metal/metal232.jpg,metal,train,c6e0e8ed27d49703
metal/metal233.jpg,metal,train,f896876f5c9a3029
metal/metal234.jpg,metal,train,cd64b249a65ab65a
metal/metal235.jpg,metal,train,fdc2e417c33c1bc0
metal/metal236.jpg,metal,train,fcb18097cae28dc6
metal/metal237.jpg,metal,train,fec1843ea14cd758
metal/metal238.jpg,metal,test,eb94b593965a4a25
metal/metal239.jpg,metal,train,fa9a85c5ce1cc938
metal/metal24.jpg,metal,train,e98cb230cbcf1c3c
metal/metal240.jpg,metal,val,eda196a6665626cc
metal/metal241.jpg,metal,train,b5a2c29dcbe4cd18
metal/metal242.jpg,metal,test,f87887c78e9c6861
metal/metal243.jpg,metal,test,e594db25ce991325
metal/metal244.jpg,metal,train,e9a997a686669a98
metal/metal245.jpg,metal,train,eec2958993964e6c
metal/metal246.jpg,metal,train,e12496cb9eb6d891
metal/metal247.jpg,metal,val,e69d9833666c66c8
metal/metal248.jpg,metal,train,ea9d946a6d8c9136
metal/metal249.jpg,metal,train,eaa0979e667a6868
metal/metal25.jpg,metal,train,e59896c9d86c3c66
metal/metal250.jpg,metal,test,edb493cbb4024d2d
metal/metal251.jpg,metal,train,ba5b81227dc1e9c9
metal/metal252.jpg,metal,train,e987979a8a18cec9
metal/metal253.jpg,metal,train,e9bc2c7294369a66
metal/metal254.jpg,metal,train,9a27255ec6996669
metal/metal255.jpg,metal,val,e28d9d72626c9c99
metal/metal256.jpg,metal,train,e2bd482795ca3966
metal/metal257.jpg,metal,test,d4e9689fe116d886
metal/metal258.jpg,metal,train,f5688b07ac9ce817
metal/metal259.jpg,metal,train,cabcf0c583c1356e
metal/metal26.jpg,metal,val,f1b3854cb6929a99
metal/metal260.jpg,metal,train,ea8f3552a62c654e
metal/metal261.jpg,metal,train,feb0c18f825c875c
metal/metal262.jpg,metal,val,fb848a35a7740c75
metal/metal263.jpg,metal,train,dc9183d68f27702d
metal/metal264.jpg,metal,test,ff9dc0688763381c
metal/metal265.jpg,metal,train,e3a59c712b8734ca
metal/metal266.jpg,metal,val,f672c5ad9886499c
metal/metal267.jpg,metal,train,bd3bd2f41c836099
metal/metal268.jpg,metal,test,f3298d662c9033db
metal/metal269.jpg,metal,val,af2dc097e7c033e0
metal/metal27.jpg,metal,train,f99b84669632d994
metal/metal270.jpg,metal,test,dedaf14c64218e6c
metal/metal271.jpg,metal,train,ebb6c9d2994e920c
metal/metal272.jpg,metal,test,f396996d66989843
metal/metal273.jpg,metal,train,e6a5c8b14ab46d4b
metal/metal274.jpg,metal,test,f88f9734b2624f88
metal/metal275.jpg,metal,train,e39c1a65ce983365
metal/metal276.jpg,metal,test,b626c0faf4d93306
metal/metal277.jpg,metal,train,f0b8ce23b349b459
metal/metal278.jpg,metal,train,fd3e9e0663999281
metal/metal279.jpg,metal,train,e5aa9a6973646698
metal/metal28.jpg,metal,train,e994975acc649933
metal/metal280.jpg,metal,train,f4a49b3b386623c9
metal/metal281.jpg,metal,train,be4190e8d9a4cbce
metal/metal282.jpg,metal,val,e893b5674d9c9892
metal/metal283.jpg,metal,train,ad0c92f71f8bc0e1
metal/metal284.jpg,metal,train,f3b28ccd63709233
metal/metal285.jpg,metal,train,f18b8b64cc3361c7
metal/metal286.jpg,metal,train,f0b2876c8ec77868
metal/metal287.jpg,metal,test,fdd0073c61d30c67
metal/metal288.jpg,metal,train,e09986926b7b9c6c
metal/metal289.jpg,metal,train,f88dc39cacb499a1
metal/metal29.jpg,metal,val,f0b2cf4d8c383467
metal/metal290.jpg,metal,train,f419c96cce672718
metal/metal291.jpg,metal,val,f5ad8e7031c66698
metal/metal292.jpg,metal,test,e38c85d2ce73a586
metal/metal293.jpg,metal,train,ffbe80c007407c3f
metal/metal294.jpg,metal,train,f8b4c7c9dc2c5832
metal/metal295.jpg,metal,train,fcb24387cfcc8c18
metal/metal296.jpg,metal,train,f8b28138cee5994e
metal/metal297.jpg,metal,val,e99472cd9232cf38
metal/metal298.jpg,metal,val,f7b44968cc929b2c
metal/metal299.jpg,metal,train,e3ad84d39a19332b
metal/metal3.jpg,metal,train,f2cccd3166c90ec6
metal/metal30.jpg,metal,train,e6a5ccb28e728e62
metal/metal300.jpg,metal,train,f88f95c6ca9a2934
metal/metal301.jpg,metal,test,fe2c9030c33333e7
metal/metal302.jpg,metal,train,bda8d2a1c387c9cc
metal/metal303.jpg,metal,val,e52d9a3249db26cc
metal/metal304.jpg,metal,test,f1ce926865368799
metal/metal305.jpg,metal,train,add6cbc0e504363b
metal/metal306.jpg,metal,train,e29d9432656d8c9b
metal/metal307.jpg,metal,train,e9689c6e5ab42599
metal/metal308.jpg,metal,test,b424c91b26cd3b76
metal/metal309.jpg,metal,train,f153c6ba8d8d1c86
metal/metal31.jpg,metal,train,f8a7a38f8e8c8c64
metal/metal310.jpg,metal,train,e19386569d6e392c
metal/metal311.jpg,metal,train,f89587a57a787290
metal/metal312.jpg,metal,train,fc83c0a48b3eb671
metal/metal313.jpg,metal,val,fc83926fc5383332
metal/metal314.jpg,metal,test,b133cb1c30c71de3
metal/metal315.jpg,metal,val,f5309e477b1c2433
metal/metal316.jpg,metal,test,e39c33688e31d66a
metal/metal317.jpg,metal,train,901d9c3cff03e383
metal/metal318.jpg,metal,train,f4a49b732ccc3159
metal/metal319.jpg,metal,test,ff32c90e70c525ca
metal/metal32.jpg,metal,train,f4f49b9366469198
metal/metal320.jpg,metal,train,e3a5949e9a989a99
metal/metal321.jpg,metal,train,f0dc8e6723969299
metal/metal322.jpg,metal,train,feabc09c3326474c
metal/metal323.jpg,metal,train,ef90d02f6cc1d21d
metal/metal324.jpg,metal,test,bbd485226b9d87e0
metal/metal325.jpg,metal,test,f372887a926cb2b2
metal/metal326.jpg,metal,train,f3308b678bc3cc8c
metal/metal327.jpg,metal,val,bdd2c927901b64c7
metal/metal328.jpg,metal,train,f066cf98b1a31ce1
metal/metal329.jpg,metal,val,ffe060c193c3c783
metal/metal33.jpg,metal,train,f52f839626c39a34
metal/metal330.jpg,metal,train,d4ad8a11dc93ba56
metal/metal331.jpg,metal,train,e6912659b5ec59a1
metal/metal332.jpg,metal,train,e9399c96316be4a4
metal/metal333.jpg,metal,train,e3b68c4cd89b9989
metal/metal334.jpg,metal,test,e8919592f46949db
metal/metal335.jpg,metal,train,ee2a91a49795e097
metal/metal336.jpg,metal,train,e6998d6e92330d8d
metal/metal337.jpg,metal,train,e69966ca9d364991
metal/metal338.jpg,metal,train,b033cf391ccc31ce
metal/metal339.jpg,metal,train,f498c3e58e261bb8
metal/metal34.jpg,metal,train,fc9386275cd92433
metal/metal340.jpg,metal,val,e15396cc98cc7333
metal/metal341.jpg,metal,train,f8b883a6ce4b4ccc
metal/metal342.jpg,metal,test,fcc192d69c39b063
metal/metal343.jpg,metal,train,e96b9694594a664d
metal/metal344.jpg,metal,train,ec3496965a63c99c
metal/metal345.jpg,metal,train,f474ce4939186766
metal/metal346.jpg,metal,test,fce1e2878b8a668a
metal/metal347.jpg,metal,train,e9a686de9a49d921
metal/metal348.jpg,metal,train,ccb2999991b656b4
metal/metal349.jpg,metal,train,fe4781a94f9c30a5
metal/metal35.jpg,metal,train,e831a7679ec69c84
metal/metal350.jpg,metal,train,ceab919595926666
metal/metal351.jpg,metal,train,f1978ce9992a6658
metal/metal352.jpg,metal,train,f8baa4659dc292c3
metal/metal353.jpg,metal,val,ef92c86db326988c
metal/metal354.jpg,metal,train,bf29d096c058c7ec
metal/metal355.jpg,metal,train,e6a999d13466466d
metal/metal356.jpg,metal,train,f573c78c18336531
metal/metal357.jpg,metal,test,fa7889c9c2d294ec
metal/metal358.jpg,metal,train,f8d88762de1834c7
metal/metal359.jpg,metal,train,f3e6869b326c9324
metal/metal36.jpg,metal,val,ad25f306cc3ac639
metal/metal360.jpg,metal,train,f074cbc39cccc92c
metal/metal361.jpg,metal,train,ae3bb1efc4389023
metal/metal362.jpg,metal,test,f43c2d2f2f091b0b
metal/metal363.jpg,metal,val,f5b74bc9b5306242
metal/metal364.jpg,metal,test,ecb49672a243c35b
metal/metal365.jpg,metal,train,cad2b43509c9f93a
metal/metal366.jpg,metal,test,e373984ca6aa5da4
metal/metal367.jpg,metal,train,f895875e6c689a91
metal/metal368.jpg,metal,train,f09acfdc38306687
metal/metal369.jpg,metal,train,f2a3cdcd560c3331
metal/metal37.jpg,metal,train,e78858a3a64eb955
metal/metal370.jpg,metal,val,e3849e71659eb069
metal/metal371.jpg,metal,test,e572986b33646c93
metal/metal372.jpg,metal,train,bdc28f30067ff881
metal/metal373.jpg,metal,train,e19a9e6999672166
metal/metal374.jpg,metal,train,bbb0e7ba81bd400d
metal/metal375.jpg,metal,train,ea7a91b564485ba5
metal/metal376.jpg,metal,val,e798aab8939516b4
metal/metal377.jpg,metal,train,e8d6879a9c599961
metal/metal378.jpg,metal,train,e5a39a8a6959a666
metal/metal379.jpg,metal,test,f8873896c73c9364
metal/metal38.jpg,metal,train,bf29d09663c33d21
metal/metal380.jpg,metal,train,b4ec8dc809dff031
metal/metal381.jpg,metal,train,f724c83f0ec83e0e
metal/metal382.jpg,metal,train,e169cf6698c63299
metal/metal383.jpg,metal,val,bb81decaebe06430
metal/metal384.jpg,metal,test,f3b6ccd09846e724
metal/metal385.jpg,metal,train,e7a99ec419992792
metal/metal386.jpg,metal,val,e58bb4434ea99366
metal/metal387.jpg,metal,train,f988a223efa58c96
metal/metal388.jpg,metal,train,ed6db043c839c3e2
metal/metal389.jpg,metal,train,e8a9c1a7a6d6869a
metal/metal39.jpg,metal,train,f1b18eae58993331
metal/metal390.jpg,metal,train,f2cec990919999d5
metal/metal391.jpg,metal,val,b807da2bbde10af0
metal/metal392.jpg,metal,val,df10ea5fa82ab826
metal/metal393.jpg,metal,train,f1aa86a69adc9958
metal/metal394.jpg,metal,train,ff80a7879498587a
metal/metal395.jpg,metal,train,e56d9454655c9666
metal/metal396.jpg,metal,train,fe81c15fa03cc369
metal/metal397.jpg,metal,val,e6ad9991b2126c6d
metal/metal398.jpg,metal,test,f48ec339cc345a33
metal/metal399.jpg,metal,train,e394945b9867336c
metal/metal4.jpg,metal,val,edf2926c6d916432
metal/metal40.jpg,metal,train,e68592db998965cc
metal/metal400.jpg,metal,train,ec9291665a4daba6
metal/metal401.jpg,metal,train,c7989366b4a5a9a9
metal/metal402.jpg,metal,train,fcc3b0472e50e25e
metal/metal403.jpg,metal,train,f093093cc1939fec
metal/metal404.jpg,metal,test,cbb5b8c1c07f0a6c
metal/metal405.jpg,metal,train,e69b999593929436
metal/metal406.jpg,metal,train,fe3ca171966e1618
metal/metal407.jpg,metal,val,f2859c58e736d318
metal/metal408.jpg,metal,train,f32d8c9a9cc46353
metal/metal409.jpg,metal,val,f1a19e8e72589875
metal/metal41.jpg,metal,train,e19ecb3922e69998
metal/metal410.jpg,metal,train,f8879c6c3385cb38
metal/metal42.jpg,metal,train,f0cb871e79402f65
metal/metal43.jpg,metal,train,f885c16ed238b3cc
metal/metal44.jpg,metal,train,eb5aa2321c31ccb7
metal/metal45.jpg,metal,test,a477db997c011f22
metal/metal46.jpg,metal,train,fed0827ee82acc4a
metal/metal47.jpg,metal,train,eeb199226b4cad52
metal/metal48.jpg,metal,train,f7b1888a62abdd84
metal/metal49.jpg,metal,train,f3d5856a1ad432e1
metal/metal5.jpg,metal,train,dfb83093c194c7e1
metal/metal50.jpg,metal,train,cff03047a59d9436
metal/metal51.jpg,metal,train,e75b986619992666
metal/metal52.jpg,metal,val,fa57c1502671e46e
metal/metal53.jpg,metal,train,f4acdb32324ec730
metal/metal54.jpg,metal,train,eb6150c7ceac6836
metal/metal55.jpg,metal,test,eff0801f7d60c495
metal/metal56.jpg,metal,train,e19e967965269698
metal/metal57.jpg,metal,train,b046cf39664d1c67
metal/metal58.jpg,metal,train,e9949669d303c6dc
metal/metal59.jpg,metal,train,c4abb2554d8ab396
metal/metal6.jpg,metal,val,e766ccc833338ccc
metal/metal60.jpg,metal,train,bfc1d01fcc382731
metal/metal61.jpg,metal,val,fbc2a4ca9e903167
metal/metal62.jpg,metal,train,fc72c21ccb613cc3
metal/metal63.jpg,metal,val,e79caa52d549ae22
metal/metal64.jpg,metal,test,b96bcc91e0d8f294
metal/metal65.jpg,metal,train,eaa8e7b484929c9b
metal/metal66.jpg,metal,train,e186986d6567e692
metal/metal67.jpg,metal,train,e9968e697137a4c8
metal/metal68.jpg,metal,train,f486cb3926e69326
metal/metal69.jpg,metal,train,f48f8b3824c793cc
metal/metal7.jpg,metal,train,f164cc3333cc9933
metal/metal70.jpg,metal,val,ff94c06b8f6038c3
metal/metal71.jpg,metal,train,e1cd89b396b49495
metal/metal72.jpg,metal,test,d5ad896b994da650
metal/metal73.jpg,metal,train,e699a56659b628d1
metal/metal74.jpg,metal,train,eddb84336f11d0c4
metal/metal75.jpg,metal,train,ff98e046c3313e98
metal/metal76.jpg,metal,train,ffa08787949458da
metal/metal77.jpg,metal,train,ab4c8541f36d833b
metal/metal78.jpg,metal,test,e1968e58592766da
metal/metal79.jpg,metal,test,ff90c21bcd723489
metal/metal8.jpg,metal,train,b133cecc31cec631
metal/metal80.jpg,metal,val,fa66c59c96989a19
metal/metal81.jpg,metal,train,fc83505c97e1588f
metal/metal82.jpg,metal,train,b6a8c9a3ce8d32c6
metal/metal83.jpg,metal,train,df802b9e1993a6b4
metal/metal84.jpg,metal,train,e92cb4a1a7a3a696
metal/metal85.jpg,metal,val,fec11e39a0c73a31
metal/metal86.jpg,metal,train,fba44d9a668921cb
metal/metal87.jpg,metal,train,e3c347dc85b94aa2
metal/metal88.jpg,metal,test,aeb1d5d0c2c989cd
metal/metal89.jpg,metal,train,ffad90d0c2c2c9c3
metal/metal9.jpg,metal,train,b331ccc733981967
metal/metal90.jpg,metal,test,e5729e4d5b662590
metal/metal91.jpg,metal,train,f363092c67333b89
metal/metal92.jpg,metal,val,f3a39e8c60497671
metal/metal93.jpg,metal,train,e98dd73023c54c3b
metal/metal94.jpg,metal,test,9cf5ec51953e5205
metal/metal95.jpg,metal,val,e861b1bd6c5a326c
metal/metal96.jpg,metal,train,e196b865739c9961
metal/metal97.jpg,metal,train,e56bda32c639c198
metal/metal98.jpg,metal,train,e46cdb3238d3329c
metal/metal99.jpg,metal,train,e48d93b2cc5836d9
paper/paper1.jpg,paper,train,f84f8730ce1833ce
paper/paper10.jpg,paper,val,ffaa8e1f64c006ac
paper/paper100.jpg,paper,train,9dbbe7a45972d200
paper/paper101.jpg,paper,test,bbf8d0e08723d364
paper/paper102.jpg,paper,train,f3139b2d51984c9d
paper/paper103.jpg,paper,train,b689c73e210fb09d
paper/paper104.jpg,paper,test,f83e858386d3e661
paper/paper105.jpg,paper,train,c22fedc4006df566
paper/paper106.jpg,paper,train,ff3fc0609a60398d
paper/paper107.jpg,paper,train,fb5e9461a66409e5
paper/paper108.jpg,paper,test,bbf8d0e08723d364
paper/paper109.jpg,paper,train,ede9fa1ae0b80e30
paper/paper11.jpg,paper,train,d7c6ac993331cc8c
paper/paper110.jpg,paper,train,f73f81408fe1c34a
paper/paper111.jpg,paper,val,eac195b69119b06f
paper/paper112.jpg,paper,train,fcbcd090f22dc730
paper/paper113.jpg,paper,test,e39e1c656a1895e5
paper/paper114.jpg,paper,train,e600b6ee1327e927
paper/paper115.jpg,paper,train,d4cc8baa9991b6a5
paper/paper116.jpg,paper,val,d4a4a75b48c83b5e
paper/paper117.jpg,paper,train,d32e8c33232733cd
paper/paper118.jpg,paper,train,f3268c25d93999cc
paper/paper119.jpg,paper,test,cd25da4a5239b535
paper/paper12.jpg,paper,val,ea97856c93624bd1
paper/paper120.jpg,paper,test,d48ca3723ec9b326
paper/paper121.jpg,paper,train,ffb0c566a68ec098
paper/paper122.jpg,paper,test,f0c78e38c139c771
paper/paper123.jpg,paper,train,ed7794e8928d4bc0
paper/paper124.jpg,paper,train,e6a3b19369d9a149
paper/paper125.jpg,paper,train,cc0e36b6b9f1660c
paper/paper126.jpg,paper,val,f6988d6538368ec3
paper/paper127.jpg,paper,train,e38f9c9197b23630
paper/paper128.jpg,paper,val,ffa4c01b2dc09a3d
paper/paper129.jpg,paper,train,efb6958ec08bc990
paper/paper13.jpg,paper,test,f586d829a6ca399c
paper/paper130.jpg,paper,train,f34e8cb170cec338
paper/paper131.jpg,paper,train,ffe0c4858c18b3a7
paper/paper132.jpg,paper,train,e435e323390ec13f
paper/paper133.jpg,paper,train,ebb48750aad3a562
paper/paper134.jpg,paper,val,d12ebec12d96c865
paper/paper135.jpg,paper,train,dee3a850aabd42b8
paper/paper136.jpg,paper,train,fc3ad0a386d1d20f
paper/paper137.jpg,paper,train,f5fd8f60d03cc890
paper/paper138.jpg,paper,test,fac1c532cfc8f0b0
paper/paper139.jpg,paper,train,b4dab98bc6c4d8c2
paper/paper14.jpg,paper,train,959ff22031e63b68
paper/paper140.jpg,paper,test,f70bdbe4e1e22620
paper/paper141.jpg,paper,val,ec973964c3986665
paper/paper142.jpg,paper,train,fa3c9494cacb65a1
paper/paper143.jpg,paper,train,f0d9afc0561f1730
paper/paper144.jpg,paper,val,f138ce638966c1e3
paper/paper145.jpg,paper,train,d06ea14786f8bc33
paper/paper146.jpg,paper,train,c54996a7393ca798
paper/paper147.jpg,paper,val,eab4c476d2e08ec6
paper/paper148.jpg,paper,train,fcb8f0a386d0d04f
paper/paper149.jpg,paper,test,fde8c595cc98b00b
paper/paper15.jpg,paper,train,e9d79698c4c67c60
paper/paper150.jpg,paper,train,dde1a31e38e18e1a
paper/paper151.jpg,paper,train,df7880cee661391c
paper/paper152.jpg,paper,train,ecc61ae7c3e18986
paper/paper153.jpg,paper,train,a7ccf21019b791f8
paper/paper154.jpg,paper,train,f5c4929b89929bb1
paper/paper155.jpg,paper,val,a534ca24f6e992cd
paper/paper156.jpg,paper,val,dcecb69bc98422b1
paper/paper157.jpg,paper,test,d5ada65858733853
paper/paper158.jpg,paper,train,d459a3a653760ba9
paper/paper159.jpg,paper,train,de87a139ce60cb26
paper/paper16.jpg,paper,train,e6e193b699c63219
paper/paper160.jpg,paper,test,f8838eccceccc3c8
paper/paper161.jpg,paper,train,fc90851bca698ee6
paper/paper162.jpg,paper,train,fdbcc2c1a23c1761
paper/paper163.jpg,paper,train,ea5bb5b0e0f0b80e
paper/paper164.jpg,paper,train,ede9996cc68c6a88
paper/paper165.jpg,paper,train,af96c23398ad8333
paper/paper166.jpg,paper,val,ff5d8077907283a4
paper/paper167.jpg,paper,train,f496c3c8854f868f
paper/paper168.jpg,paper,test,f447881ae3790f74
paper/paper169.jpg,paper,test,d5a272d339cd28c6
paper/paper17.jpg,paper,train,add608ed9261d64b
paper/paper170.jpg,paper,val,d3998c666399269b
paper/paper171.jpg,paper,train,ee032738b11e71ce
paper/paper172.jpg,paper,train,eb62c27c3d936321
paper/paper173.jpg,paper,train,cc3b9964934db661
paper/paper174.jpg,paper,test,be35e214e17a6174
paper/paper175.jpg,paper,train,f2eb8ba1cd99030e
paper/paper176.jpg,paper,test,bfc0c0d9c03e1d3b
paper/paper177.jpg,paper,train,f9f0c4c908e69d66
paper/paper178.jpg,paper,train,d1ce9838cc96cec9
paper/paper179.jpg,paper,test,d56aa5d48a9df803
paper/paper18.jpg,paper,train,edf2c08c9ec11b0f
paper/paper180.jpg,paper,train,b783d17ccf38c490
paper/paper181.jpg,paper,train,f4a6d2625e78989a
paper/paper182.jpg,paper,train,ea52f028ad67f20b
paper/paper183.jpg,paper,train,edcbb300ccb752c8
paper/paper184.jpg,paper,test,fbd4814beda48652
paper/paper185.jpg,paper,train,fc38a1934bc9992d
paper/paper186.jpg,paper,train,ef93b4b65940c92a
paper/paper187.jpg,paper,train,e4b3c0ecc79cc1c3
paper/paper188.jpg,paper,train,aaa0342ddd09f92f
paper/paper189.jpg,paper,val,aa96bd5a5908a5c7
paper/paper19.jpg,paper,train,d9c68631ce3863ce
paper/paper190.jpg,paper,val,f939814697973c94
paper/paper191.jpg,paper,train,dae4e9d2878918e5
paper/paper192.jpg,paper,val,bf28913fc1c460eb
paper/paper193.jpg,paper,train,f6756a80c46ab5ca
paper/paper194.jpg,paper,val,e74810e9f0fe1b0e
paper/paper195.jpg,paper,train,ef3bdac2f09842b0
paper/paper196.jpg,paper,train,e9a9944e90189f77
paper/paper197.jpg,paper,train,f18e8a30cf4e9c33
paper/paper198.jpg,paper,train,fc34a5cb8309e3b8
paper/paper199.jpg,paper,test,c582fae566388cc7
paper/paper2.jpg,paper,train,eddbd6d1d0c06948
paper/paper20.jpg,paper,train,97b9c8d6ed52e0c0
paper/paper200.jpg,paper,test,d6b59941662e99d1
paper/paper201.jpg,paper,val,e8a7979c1e326163
paper/paper202.jpg,paper,train,e5539aac926d6493
paper/paper203.jpg,paper,train,d1aeae5133ce3162
paper/paper204.jpg,paper,train,d06e8d568fc131cb
paper/paper205.jpg,paper,test,ea95e34ae1349e62
paper/paper206.jpg,paper,train,f7969269d135c8b0
paper/paper207.jpg,paper,train,bcc380dc2bf402fb
paper/paper208.jpg,paper,train,f5e7d21e430e8d18
paper/paper209.jpg,paper,train,baadf7e19020e703
paper/paper21.jpg,paper,train,f34d8c33cd1c3389
paper/paper210.jpg,paper,train,ff3c94dad8988948
paper/paper211.jpg,paper,val,9fa0f80f83f01f07
paper/paper212.jpg,paper,test,fed681618b681f2c
paper/paper213.jpg,paper,train,f267cf3a98c1188d
paper/paper214.jpg,paper,train,fe9ce8e0af09a033
paper/paper215.jpg,paper,train,fed0d6c3803d5e0c
paper/paper216.jpg,paper,train,c9b3964c72396996
paper/paper217.jpg,paper,train,ab3732e618ce6694
paper/paper218.jpg,paper,train,fecec0ca9b999c80
paper/paper219.jpg,paper,train,d4c38bacecc5351a
paper/paper22.jpg,paper,train,d5a9a64e5bc03257
paper/paper220.jpg,paper,train,d1a1ae4b19763479
paper/paper221.jpg,paper,train,bed0f443d2af2154
paper/paper222.jpg,paper,train,d49f9c8f31630ec8
paper/paper223.jpg,paper,val,ee14e93985e2ada1
paper/paper224.jpg,paper,val,fb91c09ece62a4a6
paper/paper225.jpg,paper,train,f0b98f4e9c3c3261
paper/paper226.jpg,paper,train,f4b98f66307138c9
paper/paper227.jpg,paper,val,ff638f6cc1346818
paper/paper228.jpg,paper,val,d1c3acce333136c6
paper/paper229.jpg,paper,train,ebd4d029d21dd4ca
paper/paper23.jpg,paper,train,ff2ed007ab5298c8
paper/paper230.jpg,paper,train,d1202123a37f7e3e
paper/paper231.jpg,paper,train,ef3c8466d2393b90
paper/paper232.jpg,paper,train,dff0d0a603ccd9e0
paper/paper233.jpg,paper,train,ee91e1764c691aa5
paper/paper234.jpg,paper,train,e53192c6cd4c64e7
paper/paper235.jpg,paper,train,f8f083868ec7333c
paper/paper236.jpg,paper,train,cdd8370ee17b8548
paper/paper237.jpg,paper,train,af64966adbb44912
paper/paper238.jpg,paper,train,f7908c6f60b38719
paper/paper239.jpg,paper,val,d45c81c3b71f86f0
paper/paper24.jpg,paper,train,a5fcd801c297cbc6
paper/paper240.jpg,paper,val,e7a698c9c8c4dfc0
paper/paper241.jpg,paper,test,fe9481e1c1663e3c
paper/paper242.jpg,paper,train,d2c98d7338ccc336
paper/paper243.jpg,paper,train,c556b2a99ba389a3
paper/paper244.jpg,paper,train,fd4f86b0c0e1390f
paper/paper245.jpg,paper,train,b8cd4d80fb137313
paper/paper246.jpg,paper,test,a492cb3ecfe0c8e1
paper/paper247.jpg,paper,train,a749df04f9b79012
paper/paper248.jpg,paper,train,ff278474c294c8da
paper/paper249.jpg,paper,train,c078354e3ee1391f
paper/paper25.jpg,paper,train,ef29c097f0c09b33
paper/paper250.jpg,paper,train,ef65809d4f99909a
paper/paper251.jpg,paper,test,f4c6cb381e1331c7
paper/paper252.jpg,paper,test,ee9c91e3c8636c2c
paper/paper253.jpg,paper,val,ed2dd0c29e3c6334
paper/paper254.jpg,paper,test,f35da3a0c6274b16
paper/paper255.jpg,paper,train,c53b966d0643b87a
paper/paper256.jpg,paper,val,f672998d64319966
paper/paper257.jpg,paper,train,ec93c94c3671a1ce
paper/paper258.jpg,paper,train,d14ab8953e537899
paper/paper259.jpg,paper,train,adc09229dd307ef2
paper/paper26.jpg,paper,test,fecc64d272caa154
paper/paper260.jpg,paper,val,ef97d440641ab4bc
paper/paper261.jpg,paper,train,dda5a3583d583247
paper/paper262.jpg,paper,val,fb0b9060c463cf8f
paper/paper263.jpg,paper,test,f17c8d259cc68699
paper/paper264.jpg,paper,test,e1b39e4c65d33131
paper/paper265.jpg,paper,train,afe5f462dc618131
paper/paper266.jpg,paper,train,a818d1639e1ce3fc
paper/paper267.jpg,paper,val,fd1ab0f08b0bd86c
paper/paper268.jpg,paper,train,e6369303c7933c3c
paper/paper269.jpg,paper,test,f25977cec2652131
paper/paper27.jpg,paper,test,f3988cf651f1138c
paper/paper270.jpg,paper,train,e5f293919a89d2a9
paper/paper271.jpg,paper,train,d92f6730322e8e39
paper/paper272.jpg,paper,test,d79f806033633b1e
paper/paper273.jpg,paper,train,d18c4e3b8c7cc33c
paper/paper274.jpg,paper,train,d8a3a75c38b230f3
paper/paper275.jpg,paper,train,f0a68c5acf39264d
paper/paper276.jpg,paper,train,f0328fcdc88c393b
paper/paper277.jpg,paper,train,d53e965a8563b261
paper/paper278.jpg,paper,train,d74cb2594d3234c7
paper/paper279.jpg,paper,test,f9f326ec332c128c
paper/paper28.jpg,paper,train,c0d8ef00b43fd1b9
paper/paper280.jpg,paper,train,c2a1b7abeda009f4
paper/paper281.jpg,paper,train,fcd416c3a1f2c1d1
paper/paper282.jpg,paper,test,fed085cf823ed284
paper/paper283.jpg,paper,train,efe084969a9899d3
paper/paper284.jpg,paper,train,b783d87ccf31c490
paper/paper285.jpg,paper,train,fbc8c0cad4b59435
paper/paper286.jpg,paper,val,ff97cad0c8602633
paper/paper287.jpg,paper,train,bcc0b29b9ecf6124
paper/paper288.jpg,paper,train,f689b966cc339944
paper/paper289.jpg,paper,test,ef33a1629705d0dc
paper/paper29.jpg,paper,test,fcc3b43dc19a3621
paper/paper290.jpg,paper,val,fa6b857dc338c0b0
paper/paper291.jpg,paper,train,ffc3823f99c00c69
paper/paper292.jpg,paper,test,fc829195af7a52d0
paper/paper293.jpg,paper,train,efcb90c61831679c
paper/paper294.jpg,paper,train,d1b2a64a704b9b5b
paper/paper295.jpg,paper,train,f4cfc7d0a42e1ac8
paper/paper296.jpg,paper,train,d7a3a84e2f33c0cc
paper/paper297.jpg,paper,train,bb83968dd80ad81f
paper/paper298.jpg,paper,train,ea9795e894cc8713
paper/paper299.jpg,paper,train,ff90c03f856a1fc0
paper/paper3.jpg,paper,train,dc5af0a087b386c7
paper/paper30.jpg,paper,val,ddbb82643f60341b
paper/paper300.jpg,paper,train,eba694b09b49486f
paper/paper301.jpg,paper,train,cc99b2b6adaa9449
paper/paper302.jpg,paper,train,fd20d0dcc8633f61
paper/paper303.jpg,paper,train,f595929adac0e0f8
paper/paper304.jpg,paper,train,fd7ac0c03f822c3e
paper/paper305.jpg,paper,train,e6ea9183b823b2ad
paper/paper306.jpg,paper,train,e6c698c9d8e4dec0
paper/paper307.jpg,paper,train,fcdbd009cb4ca1cc
paper/paper308.jpg,paper,train,e6ea9183b823b2ad
paper/paper309.jpg,paper,train,d73bb0d00383ecce
paper/paper31.jpg,paper,train,eb0ad26a9966b986
paper/paper310.jpg,paper,train,e9d5866a9964a798
paper/paper311.jpg,paper,train,fedd848fe0623033
paper/paper312.jpg,paper,train,fc8381c712ecad4d
paper/paper313.jpg,paper,val,f886a4f2f78b4099
paper/paper314.jpg,paper,train,dacac5cd24bc3b11
paper/paper315.jpg,paper,test,93a92e678c7e3832
paper/paper316.jpg,paper,val,afe0d6028b1bf938
paper/paper317.jpg,paper,train,d64eb179872698cc
paper/paper318.jpg,paper,test,cd16b0e9934cb66c
paper/paper319.jpg,paper,val,fe8cb4def8348142
paper/paper32.jpg,paper,train,db2d1492e3699c1e
paper/paper320.jpg,paper,train,ca969768964d6b92
paper/paper321.jpg,paper,test,e49b97c4986a70c7
paper/paper322.jpg,paper,val,d52a2a308f97d5d1
paper/paper323.jpg,paper,test,e4ad9296d2c6dec0
paper/paper324.jpg,paper,train,ffca44c43b61c83c
paper/paper325.jpg,paper,train,ddb2a64c63c32d52
paper/paper326.jpg,paper,val,fde0af1a291a868b
paper/paper327.jpg,paper,train,dc31a3cfc7262c38
paper/paper328.jpg,paper,train,fef897c7443c8260
paper/paper329.jpg,paper,train,cd3be468f10c2739
paper/paper33.jpg,paper,train,fc5aa2b993988798
paper/paper330.jpg,paper,train,fc70a1a39b92989e
paper/paper331.jpg,paper,train,dcbca2c029cf2e36
paper/paper332.jpg,paper,test,abc4d6499bf138a1
paper/paper333.jpg,paper,train,d2c56d3a32c1e3b1
paper/paper334.jpg,paper,train,c74e99b3664c9833
paper/paper335.jpg,paper,train,ed299470c3e4ca6e
paper/paper336.jpg,paper,val,eb95d6d4e86898c8
paper/paper337.jpg,paper,train,ffd2c02fc03f9260
paper/paper338.jpg,paper,train,eab5f0728ac10fc6
paper/paper339.jpg,paper,train,ff96c1c89e8f0c0c
paper/paper34.jpg,paper,train,9e20e08e88fbc77c
paper/paper340.jpg,paper,val,e8d73c6996986863
paper/paper341.jpg,paper,train,fdd4b2da8a696841
paper/paper342.jpg,paper,train,f597b06c9ab449c2
paper/paper343.jpg,paper,test,ffc0803f5a6f2c84
paper/paper344.jpg,paper,train,f8a187c7453cbc92
paper/paper345.jpg,paper,train,ffb9e890d4c9c848
paper/paper346.jpg,paper,train,e493936d4e36994c
paper/paper347.jpg,paper,train,ca2d9a67c170f07c
paper/paper348.jpg,paper,val,ffd2c0e0360fc2f0
paper/paper349.jpg,paper,val,a492db3ecf60c8e1
paper/paper35.jpg,paper,train,ef5b9635c822ca23
paper/paper350.jpg,paper,train,d518ae475d1e2678
paper/paper351.jpg,paper,train,de12b598b217a2cd
paper/paper352.jpg,paper,val,ed9ba6249364936c
paper/paper353.jpg,paper,train,ad12f015f53791b8
paper/paper354.jpg,paper,train,d2ca2d25929ace6d
paper/paper355.jpg,paper,val,f9c6d0e91e37c8c0
paper/paper356.jpg,paper,train,f9b8c039c3978696
paper/paper357.jpg,paper,train,dbf6b4c992924a64
paper/paper358.jpg,paper,train,fa4bb13d5164c1e2
paper/paper359.jpg,paper,val,d4d5b5696886ccc6
paper/paper36.jpg,paper,train,d52b59243fcd621a
paper/paper360.jpg,paper,val,ea9bea0cb29cc4b2
paper/paper361.jpg,paper,val,f59d1dd983781294
paper/paper362.jpg,paper,train,e691b94c8e63ce31
paper/paper363.jpg,paper,train,d1503c5b26e699cd
paper/paper364.jpg,paper,train,f8c3a9c993cc87c4
paper/paper365.jpg,paper,test,a509da87d698cf45
paper/paper366.jpg,paper,train,d53f12783a787262
paper/paper367.jpg,paper,train,e76198b6d0d1d199
paper/paper368.jpg,paper,val,c49997669867359c
paper/paper369.jpg,paper,train,fc61a32ed826e239
paper/paper37.jpg,paper,val,ea95f5d9626a0531
paper/paper370.jpg,paper,train,cd5bd38825329b2e
paper/paper371.jpg,paper,train,f897e9da81667428
paper/paper372.jpg,paper,train,ffe0c537c898a318
paper/paper373.jpg,paper,val,dd30278f36a03bb1
paper/paper374.jpg,paper,val,d1cb8e3963cc18e3
paper/paper375.jpg,paper,val,e3b1cc679830996e
paper/paper376.jpg,paper,train,ef9bb0c4c3461c39
paper/paper377.jpg,paper,train,c7e3308fc3900fcd
paper/paper378.jpg,paper,train,f6dc44a04de693d8
paper/paper379.jpg,paper,train,ff83e0ce050df4a8
paper/paper38.jpg,paper,train,d56893856c569b99
paper/paper380.jpg,paper,test,fe1eca649092c5e5
paper/paper381.jpg,paper,test,ede6846c3c256359
paper/paper382.jpg,paper,train,f5efd7a0409eaa40
paper/paper383.jpg,paper,train,f71a642f62640fe4
paper/paper384.jpg,paper,val,eb6ac0d1971e3d60
paper/paper385.jpg,paper,train,d4b1915cac3b96ca
paper/paper386.jpg,paper,test,e7e398c4b19c8e91
paper/paper387.jpg,paper,train,dd3c3c2333998cc6
paper/paper388.jpg,paper,train,f4e5903a9eccc1c6
paper/paper389.jpg,paper,train,d5d66ae89595584a
paper/paper39.jpg,paper,train,e0c2cf9e189893f3
paper/paper390.jpg,paper,test,fc38a1934be9990d
paper/paper391.jpg,paper,train,f38af1568ff88308
paper/paper392.jpg,paper,test,ecc61ae7c2e19986
paper/paper393.jpg,paper,train,ecec9292db9b2413
paper/paper394.jpg,paper,train,f464c39b6dcc3027
paper/paper395.jpg,paper,train,dba5e0f892c9e0f0
paper/paper396.jpg,paper,train,f4ba8f95c2a2a5c2
paper/paper397.jpg,paper,train,eacb95179ab24456
paper/paper398.jpg,paper,val,d4a6995964669b99
paper/paper399.jpg,paper,train,f4459336c3b28f19
paper/paper4.jpg,paper,train,fe3e8169c1369469
paper/paper40.jpg,paper,val,eddb96d1d8c06948
paper/paper400.jpg,paper,val,fe1cc1623d64b24d
paper/paper401.jpg,paper,train,e348753597992b31
paper/paper402.jpg,paper,train,fe62d01fc1d82399
paper/paper403.jpg,paper,train,fdc6c13384cc33c9
paper/paper404.jpg,paper,train,f7bd92c5c39060d8
paper/paper405.jpg,paper,val,fac29a36a19d8999
paper/paper406.jpg,paper,train,f64936369966d930
paper/paper407.jpg,paper,train,f8d0b79e03c198ec
paper/paper408.jpg,paper,train,afc5f466d5619121
paper/paper409.jpg,paper,test,dd1c1ce8cf8f06e0
paper/paper41.jpg,paper,train,e18525694c565ef6
paper/paper410.jpg,paper,train,b9d0cc6e9101dc7e
paper/paper411.jpg,paper,train,f2a58c526758a9ae
paper/paper412.jpg,paper,train,d790eaced93e1221
paper/paper413.jpg,paper,train,e9c9e692d01d139e
paper/paper414.jpg,paper,train,f1c11fccea8593c8
paper/paper415.jpg,paper,train,ea9bc723f0368661
paper/paper416.jpg,paper,test,dbdaf2270ff80105
paper/paper417.jpg,paper,train,f64e8933316c668e
paper/paper418.jpg,paper,train,ed29d82fd26d14d0
paper/paper419.jpg,paper,train,c97136acba878c99
paper/paper42.jpg,paper,test,afdcb15a81a19c4d
paper/paper420.jpg,paper,val,ef0e80b4639a3af8
paper/paper421.jpg,paper,train,c60f3938c7c66699
paper/paper422.jpg,paper,train,fdc126c1f033263e
paper/paper423.jpg,paper,train,ad29d03ccc9c3967
paper/paper424.jpg,paper,train,fd3d83c0c2870f2e
paper/paper425.jpg,paper,train,b286cd39b46362ce
paper/paper426.jpg,paper,test,ec9a93c53e3a61c4
paper/paper427.jpg,paper,train,dd6892960f6d2d92
paper/paper428.jpg,paper,train,edd2126d2698d9b2
paper/paper429.jpg,paper,train,fb09843ee3863d68
paper/paper43.jpg,paper,train,ff8035c01fe08fb1
paper/paper430.jpg,paper,train,e18f9481d33ccf16
paper/paper431.jpg,paper,train,d1acad5866398e47
paper/paper432.jpg,paper,train,ffa0905ae8eda612
paper/paper433.jpg,paper,train,ea8b9f9085c6f426
paper/paper434.jpg,paper,test,f93195cbc2c4cc9c
paper/paper435.jpg,paper,train,e1b6b2d3b0c2c3c3
paper/paper436.jpg,paper,train,f10f8a963568d9e2
paper/paper437.jpg,paper,val,d72a58a70f1d1933
paper/paper438.jpg,paper,test,d58ca54b6ba3cc98
paper/paper439.jpg,paper,test,f5a433d4c5aa8ea2
paper/paper44.jpg,paper,train,f6b1a6c6ce32198c
paper/paper440.jpg,paper,val,f491c55ea9a452ad
paper/paper441.jpg,paper,train,ffb0a5cb904c232e
paper/paper442.jpg,paper,train,9bb592bf60e98a90
paper/paper443.jpg,paper,train,fb95956e9ac090c9
paper/paper444.jpg,paper,train,d47e805e991b8e93
paper/paper445.jpg,paper,train,f4169368964cdecc
paper/paper446.jpg,paper,train,f8c38c3c9963c666
paper/paper447.jpg,paper,val,f53889c3c7301ee6
paper/paper448.jpg,paper,train,fed0c36fa4327908
paper/paper449.jpg,paper,train,d0edabd2c4679249
paper/paper45.jpg,paper,train,d439a04e67f33169
paper/paper450.jpg,paper,train,ee97d1e0d462316a
paper/paper451.jpg,paper,train,bfb9e8909cc9d848
paper/paper452.jpg,paper,train,e869c23fcd711c62
paper/paper453.jpg,paper,test,c7c898375a98a5e5
paper/paper454.jpg,paper,train,f091cbc78e3aadc0
paper/paper455.jpg,paper,train,f626519761c1197e
paper/paper456.jpg,paper,train,d5afa65864444d4f
paper/paper457.jpg,paper,train,fed0b16ab4359434
paper/paper458.jpg,paper,train,e96bd31bd2381383
paper/paper459.jpg,paper,train,f295cd61184ea75a
paper/paper46.jpg,paper,test,fc1886e3dbc66924
paper/paper460.jpg,paper,train,f8b5a8c99361b331
paper/paper461.jpg,paper,train,f6c33de01cf8c039
paper/paper462.jpg,paper,train,f236c770956a35c2
paper/paper463.jpg,paper,train,b69c91ada82aba8b
paper/paper464.jpg,paper,train,ffdeea2829300f21
paper/paper465.jpg,paper,test,e3cc9e8599746166
paper/paper466.jpg,paper,test,f295cd71184ca75a
paper/paper467.jpg,paper,test,e0c3c7f4189893f3
paper/paper468.jpg,paper,val,f2b4994b273298dc
paper/paper469.jpg,paper,train,f8a48392ce9b9cc9
paper/paper47.jpg,paper,train,fff4a85ec462c031
paper/paper470.jpg,paper,train,fd3c862bc01de09e
paper/paper471.jpg,paper,train,c2c79d28a73cb493
paper/paper472.jpg,paper,train,fa40a98e8c96d5d3
paper/paper473.jpg,paper,test,fc24d268c3e6c3c3
paper/paper474.jpg,paper,train,add2c0c19a1e2f67
paper/paper475.jpg,paper,train,f969863631d39a38
paper/paper476.jpg,paper,train,f6c69c98b10dcd61
paper/paper477.jpg,paper,val,c46ab25a2f952d17
paper/paper478.jpg,paper,val,9831951aff25f21c
paper/paper479.jpg,paper,test,d6a6a9398ec3390e
paper/paper48.jpg,paper,train,fd30c23ec2c7c3c1
paper/paper480.jpg,paper,test,f85f956b9164c461
paper/paper481.jpg,paper,train,e97ad60581e136ce
paper/paper482.jpg,paper,test,ffd083603ec0de13
paper/paper483.jpg,paper,val,d4dc8ee3988c399c
paper/paper484.jpg,paper,test,ed1dc6c1c2c798e2
paper/paper485.jpg,paper,train,dda10ab791b80fe1
paper/paper486.jpg,paper,train,d1dca673294cb296
paper/paper487.jpg,paper,train,bfd0fac1040f9ec8
paper/paper488.jpg,paper,train,b34c9c271b764cb1
paper/paper489.jpg,paper,train,f787c03cc0f11fe0
paper/paper49.jpg,paper,train,fcdc975ac0a9d409
paper/paper490.jpg,paper,train,af3af4e650d09392
paper/paper491.jpg,paper,train,f469a298ca8ccd6d
paper/paper492.jpg,paper,train,fe3ba320bc06d0b9
paper/paper493.jpg,paper,train,f549d6969349493a
paper/paper494.jpg,paper,train,afe0d5029a33f2b2
paper/paper495.jpg,paper,val,f9d4cfd388cc8682
paper/paper496.jpg,paper,val,dee3a842aab542bc
paper/paper497.jpg,paper,train,d62a2b35a7c3c1ca
paper/paper498.jpg,paper,train,d555b43c989b8d64
paper/paper499.jpg,paper,test,d4b18d463279b16e
paper/paper5.jpg,paper,train,f5b6c24b8b699e02
paper/paper50.jpg,paper,test,de6e87798178904e
paper/paper500.jpg,paper,train,cd29d037d238967c
paper/paper501.jpg,paper,train,fc93c39cc5c3c292
paper/paper502.jpg,paper,val,fb42c4999d61cd62
paper/paper503.jpg,paper,train,d1b0ae6773992c1c
paper/paper504.jpg,paper,train,cb046bb8b6b494b6
paper/paper505.jpg,paper,train,d496b3596b8724cc
paper/paper506.jpg,paper,train,fce4831c7c9891a7
paper/paper507.jpg,paper,test,fdc9903e42903f6a
paper/paper508.jpg,paper,train,fc40e0b309b6fb19
paper/paper509.jpg,paper,train,f84ec73c89505cc7
paper/paper51.jpg,paper,test,d5abd22d90fcaac0
paper/paper510.jpg,paper,val,9ffeb2f0a0192c1c
paper/paper511.jpg,paper,train,de35e06a95c1360f
paper/paper512.jpg,paper,train,edbfd232c438e085
paper/paper513.jpg,paper,train,fad4b8301cf1b583
paper/paper514.jpg,paper,train,ec34c4629f7b91c8
paper/paper515.jpg,paper,train,d6b386dc31c718c3
paper/paper516.jpg,paper,train,d11ba3e099078fe6
paper/paper517.jpg,paper,train,d13f0ecc3133cccc
paper/paper518.jpg,paper,train,ed61849e461cd99b
paper/paper519.jpg,paper,train,f3cc99e50de48495
paper/paper52.jpg,paper,train,d5b5a74b7ab40c50
paper/paper520.jpg,paper,train,d3b1a94ccec70c1d
paper/paper521.jpg,paper,train,d9589686a5e73331
paper/paper522.jpg,paper,train,fce9c2929137c531
paper/paper523.jpg,paper,train,d1b38e4c3873b398
paper/paper524.jpg,paper,train,c0b69b64334cb64f
paper/paper525.jpg,paper,train,daa5cad26d969249
paper/paper526.jpg,paper,val,fa2cc9d2c63283b3
paper/paper527.jpg,paper,train,e9d991c2f00ece4e
paper/paper528.jpg,paper,val,cacaade336a59924
paper/paper529.jpg,paper,train,f196d3c986621bb1
paper/paper53.jpg,paper,train,dacac5cd24bc3391
paper/paper530.jpg,paper,train,e576908d4e6a6936
paper/paper531.jpg,paper,train,a4361330e281fbf7
paper/paper532.jpg,paper,test,fc96c368b2926d2c
paper/paper533.jpg,paper,val,b294f8cabf893449
paper/paper534.jpg,paper,test,fce9c2d29137c131
paper/paper535.jpg,paper,train,d5a328cf23dc2cd4
paper/paper536.jpg,paper,train,f447cb3864e3313c
paper/paper537.jpg,paper,train,f59aba954288add4
paper/paper538.jpg,paper,test,d55daab2933189cc
paper/paper539.jpg,paper,train,d1a3ae57a85e2c58
paper/paper54.jpg,paper,train,d72b89722b453c1d
paper/paper540.jpg,paper,train,aa64853fd58ce698
paper/paper541.jpg,paper,train,ee6e89521e87621b
paper/paper542.jpg,paper,train,efdac4c1cac1683c
paper/paper543.jpg,paper,train,f930c63f91609ec9
paper/paper544.jpg,paper,train,ba32f123e63bc892
paper/paper545.jpg,paper,train,d5b1a1ce8ece3131
paper/paper546.jpg,paper,train,d333b36c9a8cc8cc
paper/paper547.jpg,paper,train,ed7794e0928d49c6
paper/paper548.jpg,paper,train,f42c9b93646c9933
paper/paper549.jpg,paper,train,bfc0c0cdc43e193b
paper/paper55.jpg,paper,test,fa9c80a687399d63
paper/paper550.jpg,paper,train,f3468cb98bcc3166
paper/paper551.jpg,paper,train,fdb99296998c4646
paper/paper552.jpg,paper,train,eb37144b264cb333
paper/paper553.jpg,paper,train,fed1b16a94358534
paper/paper554.jpg,paper,test,d2f48dcba6723161
paper/paper555.jpg,paper,train,d554a7a64c332e99
paper/paper556.jpg,paper,train,f1b887c7c86c0ec6
paper/paper557.jpg,paper,train,d936b449344ae573
paper/paper558.jpg,paper,test,fb1b8752b5329425
paper/paper559.jpg,paper,train,f18f93abce9c9900
paper/paper56.jpg,paper,train,aa64853f958ce69c
paper/paper560.jpg,paper,test,d4962fc9d2782897
paper/paper561.jpg,paper,test,cb2790d8c59552b7
paper/paper562.jpg,paper,train,e3b99548d2ed5226
paper/paper563.jpg,paper,train,8a3f975ca64b7502
paper/paper564.jpg,paper,train,d535a55a6ab83970
paper/paper565.jpg,paper,train,e5ea883be0969ad1
paper/paper566.jpg,paper,test,fa34b6fe4a9021d8
paper/paper567.jpg,paper,val,d0b78f78306731ca
paper/paper568.jpg,paper,val,ce54ad31cd07f90c
paper/paper569.jpg,paper,test,e87b9666c3499a92
paper/paper57.jpg,paper,train,fde29aa15abf8140
paper/paper570.jpg,paper,train,ff60d603ca9ecc18
paper/paper571.jpg,paper,val,d3ad8c4832993ec7
paper/paper572.jpg,paper,train,ebbe8e69c0686916
paper/paper573.jpg,paper,train,fc878149e73d7230
paper/paper574.jpg,paper,train,f59586b839c59638
paper/paper575.jpg,paper,train,bbc2e48ce09b1f13
paper/paper576.jpg,paper,train,f4d68a3998c9398b
paper/paper577.jpg,paper,train,ed9b8693926c1867
paper/paper578.jpg,paper,train,fef3b4b0121cc42b
paper/paper579.jpg,paper,train,fd0ca8d3c3343c1b
paper/paper58.jpg,paper,val,d9a5a25ba65c9c51
paper/paper580.jpg,paper,test,f1c6c1388ca1a7bd
paper/paper581.jpg,paper,train,c882ff60d7389f48
paper/paper582.jpg,paper,train,ed3f930c2a15d86c
paper/paper583.jpg,paper,train,f2a68c78c731cb19
paper/paper584.jpg,paper,train,f59c8a63da339898
paper/paper585.jpg,paper,train,ef3e902be8396161
paper/paper586.jpg,paper,train,bf1fd090ca6c0d65
paper/paper587.jpg,paper,val,f11c8e636390793d
paper/paper588.jpg,paper,val,f1cc9b3264cd9392
paper/paper589.jpg,paper,val,f94e963163cc38c3
paper/paper59.jpg,paper,test,f5bc96e381c2c4e4
paper/paper590.jpg,paper,val,e924c65a94c3cbb9
paper/paper591.jpg,paper,train,f619a2e6ccc6496c
paper/paper592.jpg,paper,train,e99691e1c63b9664
paper/paper593.jpg,paper,val,b9cec730ccc3334c
paper/paper594.jpg,paper,val,f4abc95c3cc33138
paper/paper6.jpg,paper,train,f0e894b86ac5aad5
paper/paper60.jpg,paper,val,d9c0b5d282cb99cd
paper/paper61.jpg,paper,val,f294c7b19c339326
paper/paper62.jpg,paper,train,f3b98c8683b383c6
paper/paper63.jpg,paper,train,fee0c19dc19db062
paper/paper64.jpg,paper,train,ec6cd03433c3c3e3
paper/paper65.jpg,paper,train,fd65d09b0a1ac72c
paper/paper66.jpg,paper,train,f59bc0d4e0383f15
paper/paper67.jpg,paper,val,fd3c90c8e1258f47
paper/paper68.jpg,paper,train,bf2594fa9a70c093
paper/paper69.jpg,paper,train,f49593ca938c4abc
paper/paper7.jpg,paper,train,f8708787a078adba
paper/paper70.jpg,paper,val,f476b3719961c960
paper/paper71.jpg,paper,train,d386ad7972c68c58
paper/paper72.jpg,paper,train,fd0fb060c465c38f
paper/paper73.jpg,paper,val,aad5b9829ebc93c0
paper/paper74.jpg,paper,train,be2494feda70c093
paper/paper75.jpg,paper,val,f2848f3c3c7132ce
paper/paper76.jpg,paper,train,da5bad548c71e1d0
paper/paper77.jpg,paper,train,cfc1b4bccb136468
paper/paper78.jpg,paper,train,d5aba259479ac2cc
paper/paper79.jpg,paper,train,ff1fc2b4d8c0610e
paper/paper8.jpg,paper,test,8c3f6d2c1093fec4
paper/paper80.jpg,paper,train,f939d2f0889789ca
paper/paper81.jpg,paper,train,8a27b353fb2111dc
paper/paper82.jpg,paper,train,a598594d45d4f275
paper/paper83.jpg,paper,test,af83fb66b270a288
paper/paper84.jpg,paper,train,e09ab55bc4b15b0d
paper/paper85.jpg,paper,train,cfe895d0ab85b807
paper/paper86.jpg,paper,train,bf6fbc2790a48710
paper/paper87.jpg,paper,test,d62d1f31941b632e
paper/paper88.jpg,paper,test,e76b923e98c0d833
paper/paper89.jpg,paper,test,add2c2c1d81e2f27
paper/paper9.jpg,paper,train,e0b6935c87b9192d
paper/paper90.jpg,paper,train,e3626abca5c46a78
paper/paper91.jpg,paper,train,fac785f015e84a3a
paper/paper92.jpg,paper,train,ff39d0e0e0dc6cc0
paper/paper93.jpg,paper,train,e593926d9c2c98f1
paper/paper94.jpg,paper,test,f9b88663364c9366
paper/paper95.jpg,paper,train,f4e787c03894cae3
paper/paper96.jpg,paper,train,fdcd46304eb065c9
paper/paper97.jpg,paper,train,adeb333a33c032cc
paper/paper98.jpg,paper,train,d1acaf52646d9992
paper/paper99.jpg,paper,train,eab4c47ed2e08cc6
plastic/plastic1.jpg,plastic,test,e0b09fcf72388cc3
plastic/plastic10.jpg,plastic,train,e63199ce663199c6
plastic/plastic100.jpg,plastic,train,e59b9865d89849b6
plastic/plastic101.jpg,plastic,train,f13a87c7c1989c96
plastic/plastic102.jpg,plastic,train,f3798c9e243d2326
plastic/plastic103.jpg,plastic,val,e2d999276626659c
plastic/plastic104.jpg,plastic,train,e796829999699663
plastic/plastic105.jpg,plastic,test,e7934acd8c8ccc99
plastic/plastic106.jpg,plastic,test,e609d9fe010073fd
plastic/plastic107.jpg,plastic,train,d953a6cc6c939a26
plastic/plastic108.jpg,plastic,train,f434b0656d673331
plastic/plastic109.jpg,plastic,test,edd7c04a1fadc0e0
plastic/plastic11.jpg,plastic,train,e666999966668999
plastic/plastic110.jpg,plastic,val,fcc3c30e983326cd
plastic/plastic111.jpg,plastic,train,e4941be699659c63
plastic/plastic112.jpg,plastic,train,daa6a599ca723323
plastic/plastic113.jpg,plastic,train,8b80c69af8f714f4
plastic/plastic114.jpg,plastic,train,90de47827f8cc3e1
plastic/plastic115.jpg,plastic,train,ee47981f913a1713
plastic/plastic116.jpg,plastic,train,ff8180aa91965f4e
plastic/plastic117.jpg,plastic,test,cbbce44bb7b4180a
plastic/plastic118.jpg,plastic,train,cf87785880385f97
plastic/plastic119.jpg,plastic,test,afcabd2c2465854d
plastic/plastic12.jpg,plastic,train,e63399cc4c99665c
plastic/plastic120.jpg,plastic,test,ee9c94b191729e43
plastic/plastic121.jpg,plastic,train,b683d999c58ccd32
plastic/plastic122.jpg,plastic,train,e667999829666699
plastic/plastic123.jpg,plastic,train,a493dbc8448efb61
plastic/plastic124.jpg,plastic,test,9bbdc44ee3e63060
plastic/plastic125.jpg,plastic,val,ac95c2328f62cd67
plastic/plastic126.jpg,plastic,train,ed4d09919d956c93
plastic/plastic127.jpg,plastic,train,eada95b54a4a5c89
plastic/plastic128.jpg,plastic,val,fe85e057a05758aa
plastic/plastic129.jpg,plastic,train,b778cc271bc8261b
plastic/plastic13.jpg,plastic,train,d3989ce9669451d3
plastic/plastic130.jpg,plastic,test,a47633c9991c2e37
plastic/plastic131.jpg,plastic,train,b166ce3131cece31
plastic/plastic132.jpg,plastic,test,b0d9c1e66680fe0f
plastic/plastic133.jpg,plastic,val,bb99ed70309ccc0e
plastic/plastic134.jpg,plastic,train,ee91916c1f626897
plastic/plastic135.jpg,plastic,val,f331ccce3398cc23
plastic/plastic136.jpg,plastic,train,f234993366cc3336
plastic/plastic137.jpg,plastic,train,cf86785987305fb0
plastic/plastic138.jpg,plastic,train,f161ccce3338cc63
plastic/plastic139.jpg,plastic,train,cad18e09736e30f9
plastic/plastic14.jpg,plastic,val,f760cc8ff0301be2
plastic/plastic140.jpg,plastic,train,bc3c6dcb3330cc83
plastic/plastic141.jpg,plastic,train,be9321d82669d665
plastic/plastic142.jpg,plastic,train,bc8c53a383c6c736
plastic/plastic143.jpg,plastic,train,eac1e1612796d29e
plastic/plastic144.jpg,plastic,test,d49f8dc84c86b1ce
plastic/plastic145.jpg,plastic,train,bbc0847b738c4fd0
plastic/plastic146.jpg,plastic,test,bb40f03fa1ce12f4
plastic/plastic147.jpg,plastic,train,c97b36e40d6d1992
plastic/plastic148.jpg,plastic,train,dfc485b89e133463
plastic/plastic149.jpg,plastic,train,fcc1f941b44fe00b
plastic/plastic15.jpg,plastic,train,ff9980709fc7904a
plastic/plastic150.jpg,plastic,train,c16d9e9a616d8696
plastic/plastic151.jpg,plastic,train,acd2c19b27e4688f
plastic/plastic152.jpg,plastic,train,95e5f8aa074b264d
plastic/plastic153.jpg,plastic,train,f7668c9933663099
plastic/plastic154.jpg,plastic,train,e3669c983327cccc
plastic/plastic155.jpg,plastic,train,a0925b3fcda41fe0
plastic/plastic156.jpg,plastic,val,f7d45c422b4ba949
plastic/plastic157.jpg,plastic,train,e3914ecd96693331
plastic/plastic158.jpg,plastic,train,af6b82e4c09f1b83
plastic/plastic159.jpg,plastic,train,aacaedd1c5859c16
plastic/plastic16.jpg,plastic,train,addb92964961da2c
plastic/plastic160.jpg,plastic,train,f1a5b55072b23237
plastic/plastic161.jpg,plastic,train,bd496c6d343c989c
plastic/plastic162.jpg,plastic,train,c76790989ac455ed
plastic/plastic163.jpg,plastic,train,bfc310fd09e448b3
plastic/plastic164.jpg,plastic,train,e3929d58b452c9ec
plastic/plastic165.jpg,plastic,train,ca95956a1a79f684
plastic/plastic166.jpg,plastic,train,b7c19b76c864d238
plastic/plastic167.jpg,plastic,train,f19998ac8e66ccc6
plastic/plastic168.jpg,plastic,train,b4f0c1c3868dcbdc
plastic/plastic169.jpg,plastic,train,bec1d12e7e8119cc
plastic/plastic17.jpg,plastic,train,f4718bce2339cc32
plastic/plastic170.jpg,plastic,val,f0b3c7cc3036c9c3
plastic/plastic171.jpg,plastic,train,fc9e8ec3c1e07231
plastic/plastic172.jpg,plastic,train,bea7c1d83c0d6332
plastic/plastic173.jpg,plastic,train,f098cee7c3c3191c
plastic/plastic174.jpg,plastic,train,f0e5c79830e7c13c
plastic/plastic175.jpg,plastic,val,eec2bb6390a4d427
plastic/plastic176.jpg,plastic,train,e7dc9863cc9831cc
plastic/plastic177.jpg,plastic,val,f8f5c76430cdc630
plastic/plastic178.jpg,plastic,train,f6d989663299cc26
plastic/plastic179.jpg,plastic,train,f1d1ce66315926c6
plastic/plastic18.jpg,plastic,train,ff1f906985c86992
plastic/plastic180.jpg,plastic,val,e7d3986c23ce2433
plastic/plastic181.jpg,plastic,train,e7d9dc66319904c6
plastic/plastic182.jpg,plastic,train,e6d9596699c82333
plastic/plastic183.jpg,plastic,test,f0dbc738316598c6
plastic/plastic184.jpg,plastic,train,e6b1984c6373b649
plastic/plastic185.jpg,plastic,val,e796996396c831cc
plastic/plastic186.jpg,plastic,train,f8ffc505b31cf100
plastic/plastic187.jpg,plastic,train,eeb6d16c2ed2b011
plastic/plastic188.jpg,plastic,val,b63899c3c71c1cc7
plastic/plastic189.jpg,plastic,test,ab2594d279cbc564
plastic/plastic19.jpg,plastic,train,f3338cc97034e333
plastic/plastic190.jpg,plastic,train,d9c4eea1858e36a6
plastic/plastic191.jpg,plastic,test,ebb49449aba4b45a
plastic/plastic192.jpg,plastic,train,f85091adecf03393
plastic/plastic193.jpg,plastic,val,e4ad9b5087d3642d
plastic/plastic194.jpg,plastic,train,d091bccba31ec33c
plastic/plastic195.jpg,plastic,train,e399de2bcdc68824
plastic/plastic196.jpg,plastic,train,b323dd13c21d31ce
plastic/plastic197.jpg,plastic,test,fb5fc4c01ba7e018
plastic/plastic198.jpg,plastic,test,eb68e106dc27cc9c
plastic/plastic199.jpg,plastic,train,e5a3868c9a399bcc
plastic/plastic2.jpg,plastic,test,d17f94c1694c686b
plastic/plastic20.jpg,plastic,train,fc53d3c4c690cdc2
plastic/plastic200.jpg,plastic,val,e798a6b499636496
plastic/plastic201.jpg,plastic,train,e95896a7cbcc6489
plastic/plastic202.jpg,plastic,train,e660991f26e03f2e
plastic/plastic203.jpg,plastic,test,f9f906788e619c23
plastic/plastic204.jpg,plastic,train,f612942dba365963
plastic/plastic205.jpg,plastic,test,f4e3cb0c069b9933
plastic/plastic206.jpg,plastic,train,ec95c29c1f30d8e3
plastic/plastic207.jpg,plastic,train,f8fdc2cab4348938
plastic/plastic208.jpg,plastic,train,fc9d83623c58e193
plastic/plastic209.jpg,plastic,train,e59aebe59824cc31
plastic/plastic21.jpg,plastic,train,fc0d83613ed6611b
plastic/plastic210.jpg,plastic,train,edce946196e19649
plastic/plastic211.jpg,plastic,train,f7139c4dc3961c64
plastic/plastic212.jpg,plastic,val,fc199168c363c765
plastic/plastic213.jpg,plastic,train,f41e0b3173c70f23
plastic/plastic214.jpg,plastic,test,eed0b28fb06643c6
plastic/plastic215.jpg,plastic,train,ecb3946c3397cc24
plastic/plastic216.jpg,plastic,train,ef3cc0a11ea3e0b3
plastic/plastic217.jpg,plastic,test,d5aa8a5788cdb24e
plastic/plastic218.jpg,plastic,train,cdad1791b8d2926a
plastic/plastic219.jpg,plastic,train,fc1c8be1c6c3c1c3
plastic/plastic22.jpg,plastic,val,e5639e9c69b0254b
plastic/plastic220.jpg,plastic,val,ea96b5484b92cdb4
plastic/plastic221.jpg,plastic,val,e28994ad99726e4e
plastic/plastic222.jpg,plastic,train,ee916eb7c8b18249
plastic/plastic223.jpg,plastic,train,f494f3998b1b9a82
plastic/plastic224.jpg,plastic,train,fb3787c0f0c8c4e4
plastic/plastic225.jpg,plastic,train,fdc593b863875842
plastic/plastic226.jpg,plastic,train,ffd5c00cc59a4237
plastic/plastic227.jpg,plastic,train,f3c88c3f308917e6
plastic/plastic228.jpg,plastic,test,f071938c6c639bcc
plastic/plastic229.jpg,plastic,val,e7e09e8e3998cc23
plastic/plastic23.jpg,plastic,train,f3a58c4a33748cd3
plastic/plastic230.jpg,plastic,train,f936c6680f273878
plastic/plastic231.jpg,plastic,val,fe86d0b64f9942c2
plastic/plastic232.jpg,plastic,train,f08e875ccc73b246
plastic/plastic233.jpg,plastic,test,f1ae9358669b864c
plastic/plastic234.jpg,plastic,train,ee3491633d9c4a99
plastic/plastic235.jpg,plastic,train,ffc08d3cc11bf007
plastic/plastic236.jpg,plastic,test,e4659a9c69db322c
plastic/plastic237.jpg,plastic,train,ea55c58c9e7990c3
plastic/plastic238.jpg,plastic,train,d48f8048f7d4b4dc
plastic/plastic239.jpg,plastic,val,f5689588752357c9
plastic/plastic24.jpg,plastic,test,ca4add99a9ab2a52
plastic/plastic240.jpg,plastic,train,e969978e3891c3a6
plastic/plastic241.jpg,plastic,train,f377dc780880b137
plastic/plastic242.jpg,plastic,train,d9e48e28cdb36433
plastic/plastic243.jpg,plastic,train,ce99e2dcd3d06611
plastic/plastic244.jpg,plastic,val,efc0951d59f1c20e
plastic/plastic245.jpg,plastic,train,f511cb233c4dc336
plastic/plastic246.jpg,plastic,train,d4258f1e1e86a53b
plastic/plastic247.jpg,plastic,test,f4918e668399e3cc
plastic/plastic248.jpg,plastic,train,fc7390cec0c988db
plastic/plastic249.jpg,plastic,val,f038cbc3ccce863c
plastic/plastic25.jpg,plastic,train,d09f17b0faa022f5
plastic/plastic250.jpg,plastic,train,d54ad42ccb9685cb
plastic/plastic251.jpg,plastic,val,f938c4fe290206fb
plastic/plastic252.jpg,plastic,val,ccf1966e99249b64
plastic/plastic253.jpg,plastic,train,fc3fb7648c993220
plastic/plastic254.jpg,plastic,train,ffd4ca057688608f
plastic/plastic255.jpg,plastic,train,e594969b92699935
plastic/plastic256.jpg,plastic,val,e6499936679c8699
plastic/plastic257.jpg,plastic,val,fe59c1c6071b7870
plastic/plastic258.jpg,plastic,train,f5c3988ca327c9b4
plastic/plastic259.jpg,plastic,train,e1f396259886ad99
plastic/plastic26.jpg,plastic,train,f763889c63338e86
plastic/plastic260.jpg,plastic,train,d3439c5426adad2b
plastic/plastic261.jpg,plastic,train,f578d0b2c3938783
plastic/plastic262.jpg,plastic,train,e4938a6d983273ec
plastic/plastic263.jpg,plastic,test,d5a533b1216c6d6c
plastic/plastic264.jpg,plastic,train,e1879c5327aca5d2
plastic/plastic265.jpg,plastic,test,f130b83030b9ef67
plastic/plastic266.jpg,plastic,test,f49acbe52492986d
plastic/plastic267.jpg,plastic,val,df96d0f8a8854355
plastic/plastic268.jpg,plastic,val,aac2b5d134457de2
plastic/plastic269.jpg,plastic,train,e0189e63b96c729b
plastic/plastic27.jpg,plastic,test,b8bdd7e2caa007c2
plastic/plastic270.jpg,plastic,test,f17299cc6493998e
plastic/plastic271.jpg,plastic,train,cc38a5c36e99666c
plastic/plastic272.jpg,plastic,val,dfd8f80383ff3100
plastic/plastic273.jpg,plastic,val,f88b3649d2268b73
plastic/plastic274.jpg,plastic,val,e39ba58ccc8ccc99
plastic/plastic275.jpg,plastic,val,f5509ecf381c2633
plastic/plastic276.jpg,plastic,train,e79927998eb88833
plastic/plastic277.jpg,plastic,train,e53292cd96926d96
plastic/plastic278.jpg,plastic,train,e59a4b8c9a619b33
plastic/plastic279.jpg,plastic,train,de93816c6cd899c6
plastic/plastic28.jpg,plastic,train,988fe338c6c3398e
plastic/plastic280.jpg,plastic,train,f74498999f649199
plastic/plastic281.jpg,plastic,test,9ce5e05aca08cf1f
plastic/plastic282.jpg,plastic,val,fc1e9e31cac2c1c3
plastic/plastic283.jpg,plastic,train,d95882250fdd9967
plastic/plastic284.jpg,plastic,train,f997c6b833c98c44
plastic/plastic285.jpg,plastic,train,eb85959ab472a4c9
plastic/plastic286.jpg,plastic,train,fcc39cc2b39cc198
plastic/plastic287.jpg,plastic,val,f632cd4d1e1a6165
plastic/plastic288.jpg,plastic,train,e5909a679c89936d
plastic/plastic289.jpg,plastic,train,f1c39ea39391938c
plastic/plastic29.jpg,plastic,train,eba39596b3558a42
plastic/plastic290.jpg,plastic,train,e69dda21d49b248b
plastic/plastic291.jpg,plastic,train,e673dd88627f20c8
plastic/plastic292.jpg,plastic,train,e63e99c1e3e14c26
plastic/plastic293.jpg,plastic,val,e7349c9a93391933
plastic/plastic294.jpg,plastic,train,e74b988c61b36666
plastic/plastic295.jpg,plastic,train,e799cd678c982133
plastic/plastic296.jpg,plastic,train,e7d8980717f0259b
plastic/plastic297.jpg,plastic,val,8f4768387434f27a
plastic/plastic298.jpg,plastic,val,e72798d8f00b0f27
plastic/plastic299.jpg,plastic,train,e59ac1bcce38668c
plastic/plastic3.jpg,plastic,train,c17916cf65381ac7
plastic/plastic30.jpg,plastic,train,fb33b29e23309907
plastic/plastic300.jpg,plastic,train,df47c08a079578f8
plastic/plastic301.jpg,plastic,train,f8e7918c6299672c
plastic/plastic302.jpg,plastic,train,fe91854e917e88a5
plastic/plastic303.jpg,plastic,train,e798c9a64e99c926
plastic/plastic304.jpg,plastic,train,8ee3f0001ff0bef0
plastic/plastic305.jpg,plastic,train,adc83792126f9276
plastic/plastic306.jpg,plastic,test,e5389e65936d9292
plastic/plastic307.jpg,plastic,test,f17186c79b93868c
plastic/plastic308.jpg,plastic,test,e0de8bb30e8e6c31
plastic/plastic309.jpg,plastic,train,dab5d3649d4a9344
plastic/plastic31.jpg,plastic,train,e5259e96cb999829
plastic/plastic310.jpg,plastic,val,8385f8c168fe7538
plastic/plastic311.jpg,plastic,train,fdc08e8d3ed04687
plastic/plastic312.jpg,plastic,train,f5548e2e2a6a2d4b
plastic/plastic313.jpg,plastic,train,e362cc2d189b732e
plastic/plastic314.jpg,plastic,train,f44cc13e27711e63
plastic/plastic315.jpg,plastic,test,f14c8e336f469839
plastic/plastic316.jpg,plastic,train,fac1866c3a9265cd
plastic/plastic317.jpg,plastic,test,f974868b6caa9964
plastic/plastic318.jpg,plastic,test,dd9bb226c0b926c6
plastic/plastic319.jpg,plastic,train,e77698c9194c6565
plastic/plastic32.jpg,plastic,train,e36b894c6939ca53
plastic/plastic320.jpg,plastic,train,f633866532669663
plastic/plastic321.jpg,plastic,train,ceb18566999366b4
plastic/plastic322.jpg,plastic,train,fe7691d949218c66
plastic/plastic323.jpg,plastic,train,f05099cdce92b39c
plastic/plastic324.jpg,plastic,train,e191daedcc8ec468
plastic/plastic325.jpg,plastic,test,f0c78f38ccc73231
plastic/plastic326.jpg,plastic,train,fd5e80e1c89e1ec2
plastic/plastic327.jpg,plastic,train,e79948e4334d8e63
plastic/plastic328.jpg,plastic,train,ea6585a6968b964e
plastic/plastic329.jpg,plastic,val,d972a5cd66329a26
plastic/plastic33.jpg,plastic,train,e4f1b2c7c3cccc30
plastic/plastic330.jpg,plastic,train,f986833d4ee2931c
plastic/plastic331.jpg,plastic,train,f28499cd6630c9e7
plastic/plastic332.jpg,plastic,train,ea4e91b5873292b6
plastic/plastic333.jpg,plastic,train,ecb993266d698c91
plastic/plastic334.jpg,plastic,train,f766d0912d0dd872
plastic/plastic335.jpg,plastic,train,e2b1cead9d1a3912
plastic/plastic336.jpg,plastic,train,f272cdcf341c8833
plastic/plastic337.jpg,plastic,train,de5ab1cc8a939866
plastic/plastic338.jpg,plastic,train,f87cc7c73c80c338
plastic/plastic339.jpg,plastic,train,e897936e2d949992
plastic/plastic34.jpg,plastic,test,e666266666cc9c9c
plastic/plastic340.jpg,plastic,train,f770a8a6d61d0a3a
plastic/plastic341.jpg,plastic,test,f0a486ce9c397879
plastic/plastic342.jpg,plastic,train,e59348ecccc62d33
plastic/plastic343.jpg,plastic,val,ff80b6235cdce221
plastic/plastic344.jpg,plastic,train,e3f49823c66cc8dc
plastic/plastic345.jpg,plastic,train,e494ca6934a659b7
plastic/plastic346.jpg,plastic,train,f255c53b1e64701b
plastic/plastic347.jpg,plastic,test,f1a3a666cba4866c
plastic/plastic348.jpg,plastic,train,f369c99ca491b3c4
plastic/plastic349.jpg,plastic,train,e6899d739951a626
plastic/plastic35.jpg,plastic,train,e57298bc6999e426
plastic/plastic350.jpg,plastic,train,e792cacd988d8c99
plastic/plastic351.jpg,plastic,test,e49b91661be0adc9
plastic/plastic352.jpg,plastic,train,9c0cb3078f66e3e4
plastic/plastic353.jpg,plastic,val,f3a38c8c3263c9cd
plastic/plastic354.jpg,plastic,test,ecb5936a6524965a
plastic/plastic355.jpg,plastic,train,fc87819f819c6b38
plastic/plastic356.jpg,plastic,train,e52d9399b632988d
plastic/plastic357.jpg,plastic,train,e9949362cd98679c
plastic/plastic358.jpg,plastic,val,e798d8270ff0308f
plastic/plastic359.jpg,plastic,train,e9cd94366bc93096
plastic/plastic36.jpg,plastic,train,fa95c07885c6b13d
plastic/plastic360.jpg,plastic,train,f363ccc62c996323
plastic/plastic361.jpg,plastic,train,f1528b71649f13cc
plastic/plastic362.jpg,plastic,train,e66c8da5634a5a95
plastic/plastic363.jpg,plastic,train,f0c9c73a38c3c1ce
plastic/plastic364.jpg,plastic,train,ee78e24012cfcc73
plastic/plastic365.jpg,plastic,test,fca592ce99926c91
plastic/plastic366.jpg,plastic,train,de7191c66c92349b
plastic/plastic367.jpg,plastic,train,e17392db66998964
plastic/plastic368.jpg,plastic,train,f53adaac20b1b135
plastic/plastic369.jpg,plastic,train,e58bb6b494965a2a
plastic/plastic37.jpg,plastic,train,e364fcb41991b44b
plastic/plastic370.jpg,plastic,train,feb0816f4aa0b51e
plastic/plastic371.jpg,plastic,train,e334cac763c99c4a
plastic/plastic372.jpg,plastic,train,f57494b49659c94a
plastic/plastic373.jpg,plastic,train,e0cb9f30a78738c6
plastic/plastic374.jpg,plastic,test,f222dc883b1edc63
plastic/plastic375.jpg,plastic,train,fd16c2691f677090
plastic/plastic376.jpg,plastic,train,f39dca31528b386c
plastic/plastic377.jpg,plastic,train,f47193c4c69393cc
plastic/plastic378.jpg,plastic,train,ed32936c93916c93
plastic/plastic379.jpg,plastic,val,e662919c3ee2e32c
plastic/plastic38.jpg,plastic,train,e1b19d4696a93a65
plastic/plastic380.jpg,plastic,train,f36cc8334e693386
plastic/plastic381.jpg,plastic,train,fe3e81601b9f2478
plastic/plastic382.jpg,plastic,train,ff3fc5c44050a32e
plastic/plastic383.jpg,plastic,train,f0b785747a878558
plastic/plastic384.jpg,plastic,train,e7309c9a93699993
plastic/plastic385.jpg,plastic,train,e5339b9966c73038
plastic/plastic386.jpg,plastic,train,f3818c9633e3ccac
plastic/plastic387.jpg,plastic,train,f8d78d9cc4a827b0
plastic/plastic388.jpg,plastic,train,dd619266919b6cb4
plastic/plastic389.jpg,plastic,train,f2a59b462c924b9b
plastic/plastic39.jpg,plastic,val,fce18f4da8369213
plastic/plastic390.jpg,plastic,train,f7d4cb7124f1e081
plastic/plastic391.jpg,plastic,train,d12a9e2bb58cac2b
plastic/plastic392.jpg,plastic,train,f466c3183b6932e6
plastic/plastic393.jpg,plastic,test,f304cc336b94b5ca
plastic/plastic394.jpg,plastic,train,e63399cc9bb12466
plastic/plastic395.jpg,plastic,train,e666d19b1f60e027
plastic/plastic396.jpg,plastic,val,8aa51b3d3fe0f320
plastic/plastic397.jpg,plastic,test,f728c86639993336
plastic/plastic398.jpg,plastic,train,fc8793b8ce643033
plastic/plastic399.jpg,plastic,train,e5699bc626998d64
plastic/plastic4.jpg,plastic,test,bc63c3981ce4f0c7
plastic/plastic40.jpg,plastic,train,a90bd2f48c66c3d9
plastic/plastic400.jpg,plastic,train,df788166c9329b64
plastic/plastic401.jpg,plastic,train,f32dcc2a3334e499
plastic/plastic402.jpg,plastic,train,d2ec21f5da12cd25
plastic/plastic403.jpg,plastic,train,f4c9939873662663
plastic/plastic404.jpg,plastic,train,e5e310d61cfc8764
plastic/plastic405.jpg,plastic,train,df26b1986f91b824
plastic/plastic406.jpg,plastic,test,f28f984574869bc9
plastic/plastic407.jpg,plastic,train,e1b48ab3c99b329c
plastic/plastic408.jpg,plastic,test,e38cf61dc6e81519
plastic/plastic409.jpg,plastic,train,ecce933868e52596
plastic/plastic41.jpg,plastic,train,f470cbc38cce383c
plastic/plastic410.jpg,plastic,test,91b64e5379cc4e51
plastic/plastic411.jpg,plastic,train,dba49459aa69a556
plastic/plastic412.jpg,plastic,test,f070cb8e3c64d333
plastic/plastic413.jpg,plastic,train,e56393646c936d49
plastic/plastic414.jpg,plastic,train,f5c51cd5555453c2
plastic/plastic415.jpg,plastic,train,e39c4eb966849c99
plastic/plastic416.jpg,plastic,train,f5e20cf9266c01dd
plastic/plastic417.jpg,plastic,train,fe36b4cc8db02664
plastic/plastic418.jpg,plastic,train,dfb080e69b9b2698
plastic/plastic419.jpg,plastic,train,e576999932656c98
plastic/plastic42.jpg,plastic,train,f8c3871c9ce3b12c
plastic/plastic420.jpg,plastic,train,cab5974ab64d684a
plastic/plastic421.jpg,plastic,train,f70a982d7a62641f
plastic/plastic422.jpg,plastic,train,f689820f72b83397
plastic/plastic423.jpg,plastic,train,f473823d8dcc388d
plastic/plastic424.jpg,plastic,train,d865939dc4c9e3c8
plastic/plastic425.jpg,plastic,train,e0cb9c34e33ac6cc
plastic/plastic426.jpg,plastic,train,f5719e8e22998966
plastic/plastic427.jpg,plastic,train,f459c9c627388d93
plastic/plastic428.jpg,plastic,train,fd3e9369c0901d0f
plastic/plastic429.jpg,plastic,train,f4b49f9998d93830
plastic/plastic43.jpg,plastic,test,e4529b6c6d9b8c23
plastic/plastic430.jpg,plastic,test,e4998e999526d936
plastic/plastic431.jpg,plastic,train,f1cb86387863879c
plastic/plastic432.jpg,plastic,train,e39c9a3146add299
plastic/plastic433.jpg,plastic,train,f346cc393a629936
plastic/plastic434.jpg,plastic,train,fc3f82c6c3c1b864
plastic/plastic435.jpg,plastic,train,f569c752584b2b68
plastic/plastic436.jpg,plastic,train,ec6093b9f194f816
plastic/plastic437.jpg,plastic,train,dfe08013e81ff26c
plastic/plastic438.jpg,plastic,train,e3748cc3596c96c9
plastic/plastic439.jpg,plastic,val,e7d899256c997324
plastic/plastic44.jpg,plastic,train,e2cf8c36938dc638
plastic/plastic440.jpg,plastic,train,ea914e8dd4aa2db2
plastic/plastic441.jpg,plastic,train,b439c3634d0f3c39
plastic/plastic442.jpg,plastic,train,cf0f8f2b945439a8
plastic/plastic443.jpg,plastic,train,f4a4c3319ad73964
plastic/plastic444.jpg,plastic,val,e699dcb652252a55
plastic/plastic445.jpg,plastic,train,e79cca2956ac92b2
plastic/plastic446.jpg,plastic,val,f46083bb33999933
plastic/plastic447.jpg,plastic,train,f3698c1c3e736322
plastic/plastic448.jpg,plastic,val,e5929a65329a4d67
plastic/plastic449.jpg,plastic,val,e5cc9b33cc6932c4
plastic/plastic45.jpg,plastic,val,f39d4e31628ccb32
plastic/plastic450.jpg,plastic,test,e1949c6b70944fe6
plastic/plastic451.jpg,plastic,test,e1cd963365cc31c3
plastic/plastic452.jpg,plastic,val,e4d89b6664999366
plastic/plastic453.jpg,plastic,train,b499cf66389cc3c1
plastic/plastic454.jpg,plastic,train,b464cb9b3ec4c133
plastic/plastic455.jpg,plastic,train,ea94913c8ec25e4f
plastic/plastic456.jpg,plastic,train,efd080cac43f722d
plastic/plastic457.jpg,plastic,train,e6b594569aca8d4a
plastic/plastic458.jpg,plastic,val,f1dd862179ce8631
plastic/plastic459.jpg,plastic,train,f41acbc5993c6c98
plastic/plastic46.jpg,plastic,train,fa95ca7429934a2d
plastic/plastic460.jpg,plastic,train,bfc0c4c439393e33
plastic/plastic461.jpg,plastic,train,b0cfcc62c33c1f38
plastic/plastic462.jpg,plastic,train,f1ce8e316cc3923c
plastic/plastic463.jpg,plastic,train,e79acc63138b649a
plastic/plastic464.jpg,plastic,test,e1cb863c95631e63
plastic/plastic465.jpg,plastic,train,e1719c69c6966393
plastic/plastic466.jpg,plastic,train,f1ce893166338e99
plastic/plastic467.jpg,plastic,train,e6668c9c9a999999
plastic/plastic468.jpg,plastic,train,f23395c86e1f2370
plastic/plastic469.jpg,plastic,train,8fe1dc53631d211e
plastic/plastic47.jpg,plastic,test,f1308eca793c6761
plastic/plastic470.jpg,plastic,test,f666cb194d983361
plastic/plastic471.jpg,plastic,train,f49a986dc4309bc7
plastic/plastic472.jpg,plastic,train,fe9dc2488572bc52
plastic/plastic473.jpg,plastic,test,e9d9b6b6b4249826
plastic/plastic474.jpg,plastic,train,d1ae708e71c639c6
plastic/plastic475.jpg,plastic,train,f19e4dc5c7313838
plastic/plastic476.jpg,plastic,train,e68899e6cc996666
plastic/plastic477.jpg,plastic,val,f96bc29c192364cd
plastic/plastic478.jpg,plastic,val,e1618e339bcc99cc
plastic/plastic479.jpg,plastic,train,c6cc99b299b93398
plastic/plastic48.jpg,plastic,train,a49d53ad235659c9
plastic/plastic480.jpg,plastic,val,e59289e732cc9933
plastic/plastic481.jpg,plastic,train,c49999e666999966
plastic/plastic482.jpg,plastic,train,f38c887366cc9966
plastic/plastic49.jpg,plastic,test,e69999626685b71a
plastic/plastic5.jpg,plastic,test,f3738ccc993132cc
plastic/plastic50.jpg,plastic,test,ec6db184cf328c99
plastic/plastic51.jpg,plastic,val,f6c69b98833624c7
plastic/plastic52.jpg,plastic,val,f1788eb439962699
plastic/plastic53.jpg,plastic,train,fa81c5c59f3496c8
plastic/plastic54.jpg,plastic,val,f4e40727bce50b86
plastic/plastic55.jpg,plastic,train,d8bf85a4b7a381c1
plastic/plastic56.jpg,plastic,train,f999922666339acc
plastic/plastic57.jpg,plastic,train,e3914ecdcc6a3133
plastic/plastic58.jpg,plastic,train,e39598ac53b3662c
plastic/plastic59.jpg,plastic,train,f51c9fa70b92848b
plastic/plastic6.jpg,plastic,train,f098cce7c3e3c518
plastic/plastic60.jpg,plastic,train,e61999262790fec9
plastic/plastic61.jpg,plastic,train,e556934d64939366
plastic/plastic62.jpg,plastic,train,e598c9e78c86cc8b
plastic/plastic63.jpg,plastic,train,e3cc9c35c8195a73
plastic/plastic64.jpg,plastic,val,f93684c974966363
plastic/plastic65.jpg,plastic,test,f3cca7184e31c61e
plastic/plastic66.jpg,plastic,train,d83f876465c99392
plastic/plastic67.jpg,plastic,train,fcd08f8cc73390cc
plastic/plastic68.jpg,plastic,val,e1709ca56bdab521
plastic/plastic69.jpg,plastic,train,cb2fd46072dbcd02
plastic/plastic7.jpg,plastic,val,df98c03f1fe0e019
plastic/plastic70.jpg,plastic,train,eac5b7c82fe9a082
plastic/plastic71.jpg,plastic,test,ff5990e262948e9a
plastic/plastic72.jpg,plastic,train,f05285cd6db692cc
plastic/plastic73.jpg,plastic,test,e699cc334c9ac999
plastic/plastic74.jpg,plastic,train,e335ce876c8c9a8c
plastic/plastic75.jpg,plastic,val,f3678c98273199c6
plastic/plastic76.jpg,plastic,train,e55a9a6569666698
plastic/plastic77.jpg,plastic,val,e1709cce97cccc32
plastic/plastic78.jpg,plastic,train,f799919086df5e40
plastic/plastic79.jpg,plastic,test,f98fd7201e24389b
plastic/plastic8.jpg,plastic,train,f1cf98b0c738c29c
plastic/plastic80.jpg,plastic,train,f9c8863f70380fe1
plastic/plastic81.jpg,plastic,val,e579de00f01e093f
plastic/plastic82.jpg,plastic,train,c5a12fd2bcc33cc1
plastic/plastic83.jpg,plastic,val,e57591cd4ada9035
plastic/plastic84.jpg,plastic,train,e49a9a25d9abaaa4
plastic/plastic85.jpg,plastic,train,e353954c6cc99b92
plastic/plastic86.jpg,plastic,val,d3869cc0e3af3cc1
plastic/plastic87.jpg,plastic,train,ea42963f0475b98d
plastic/plastic88.jpg,plastic,train,e0b59ae749b1988d
plastic/plastic89.jpg,plastic,train,fe80a1978acd546b
plastic/plastic9.jpg,plastic,val,f3668c9933668c99
plastic/plastic90.jpg,plastic,val,e5729acd61276634
plastic/plastic91.jpg,plastic,train,e5dacb949b918493
plastic/plastic92.jpg,plastic,train,ec959762696ec942
plastic/plastic93.jpg,plastic,test,e59e8bc93836668c
plastic/plastic94.jpg,plastic,train,faa4857a4a31b5cc
plastic/plastic95.jpg,plastic,test,fe68a075015d7fc0
plastic/plastic96.jpg,plastic,train,e2699d346acb6619
plastic/plastic97.jpg,plastic,test,ffb48278c884c7c6
plastic/plastic98.jpg,plastic,train,f031db2c71331ccd
plastic/plastic99.jpg,plastic,train,f67cc1c08e8f133c
trash/trash1.jpg,trash,train,e5b09e4b994c3666
trash/trash10.jpg,trash,val,f3b3ce8c8ccc3126
trash/trash100.jpg,trash,train,f988c6b568723cc9
trash/trash101.jpg,trash,train,e58e5a9965b69864
trash/trash102.jpg,trash,train,f2a5cc669639343a
trash/trash103.jpg,trash,train,e5ac4cb4c94d949b
trash/trash104.jpg,trash,train,e3688cb173ce4d61
trash/trash105.jpg,trash,train,f4b8d2c765983632
trash/trash106.jpg,trash,train,fda1c317dc909698
trash/trash107.jpg,trash,train,c6b8bd6b92f68405
trash/trash108.jpg,trash,train,e48e931bcc6c4c76
trash/trash109.jpg,trash,test,b18ecd303e9bc4c6
trash/trash11.jpg,trash,test,c3c0b1f0bae4ecc6
trash/trash110.jpg,trash,train,f9968e78c83391cc
trash/trash111.jpg,trash,val,b38cc763189b64e6
trash/trash112.jpg,trash,train,f99ec7c1c8602d27
trash/trash113.jpg,trash,train,b4c8c917cf743136
trash/trash114.jpg,trash,test,b199cec4cfc63039
trash/trash115.jpg,trash,train,ed4892b491ce5a9b
trash/trash116.jpg,trash,val,e486c75919b5e346
trash/trash117.jpg,trash,train,f18ece213e92714d
trash/trash118.jpg,trash,test,f198c6c3cc8d3366
trash/trash119.jpg,trash,train,f0a3cd18366731b3
trash/trash12.jpg,trash,val,e589dab6866c6949
trash/trash120.jpg,trash,train,b0aac771329d38ce
trash/trash121.jpg,trash,train,f3cc8c336699994c
trash/trash122.jpg,trash,train,c4aa9b6d6492996d
trash/trash123.jpg,trash,val,e5aa9ad398646764
trash/trash124.jpg,trash,train,d4abc31c8c631dc7
trash/trash125.jpg,trash,val,dd8a3373c9886666
trash/trash126.jpg,trash,train,91aa465739b946c7
trash/trash127.jpg,trash,train,d1aace3131cece31
trash/trash128.jpg,trash,train,f699c86633994c66
trash/trash129.jpg,trash,test,91ba8ece653198ce
trash/trash13.jpg,trash,train,e5b45873b2343b19
trash/trash130.jpg,trash,train,d6a289d999276666
trash/trash131.jpg,trash,train,d3ab88cccc333333
trash/trash132.jpg,trash,train,f3abcc4633193166
trash/trash133.jpg,trash,val,f698996666999866
trash/trash134.jpg,trash,test,d4b4c36736184de6
trash/trash135.jpg,trash,val,ebcb90ac9d3465e0
trash/trash136.jpg,trash,train,ec9b9324cbe23c32
trash/trash137.jpg,trash,train,e3939ccc6233b1cc
trash/trash14.jpg,trash,train,f45b2e7ae6c88618
trash/trash15.jpg,trash,test,e1659e8b659a3961
trash/trash16.jpg,trash,train,f9838f7384a4b18e
trash/trash17.jpg,trash,test,c8d7d0ec8613b9ca
trash/trash18.jpg,trash,train,f4b6a7d81e01311f
trash/trash19.jpg,trash,test,e7ad995a9661234c
trash/trash2.jpg,trash,val,f6928d5972663172
trash/trash20.jpg,trash,train,e38cb4d3794a2c65
trash/trash21.jpg,trash,test,fd6dc69232694932
trash/trash22.jpg,trash,train,e6ec9913d9c4266c
trash/trash23.jpg,trash,train,e6b865d3d32c2cc8
trash/trash24.jpg,trash,test,f58cb318c6393273
trash/trash25.jpg,trash,train,e5a4769618d89cd9
trash/trash26.jpg,trash,train,e79a586d629433c9
trash/trash27.jpg,trash,val,fb9784785a873468
trash/trash28.jpg,trash,train,e6b0dbcf3c1c8922
trash/trash29.jpg,trash,train,f5b0904f9f4a608f
trash/trash3.jpg,trash,train,c5a489ada11bda5b
trash/trash30.jpg,trash,test,c9b3946cb749cac2
trash/trash31.jpg,trash,train,c9bc46d3cd2c32c6
trash/trash32.jpg,trash,train,b171dcccc346c693
trash/trash33.jpg,trash,train,ffa2c09d7836b181
trash/trash34.jpg,trash,train,e59c9a334c4c6cc7
trash/trash35.jpg,trash,val,f2b68c9a926d9932
trash/trash36.jpg,trash,train,e1adce923c5aa391
trash/trash37.jpg,trash,val,f0a4d634cbc62d8b
trash/trash38.jpg,trash,train,e648d9739b88646d
trash/trash39.jpg,trash,test,f96d869a89d93066
trash/trash4.jpg,trash,train,f48683c13ff070d9
trash/trash40.jpg,trash,train,e496ce79199a6664
trash/trash41.jpg,trash,train,f2b6cf191866632c
trash/trash42.jpg,trash,train,f0a3831eccb0cdad
trash/trash43.jpg,trash,test,f099cf64309bce64
trash/trash44.jpg,trash,train,e58c49b3969c31ce
trash/trash45.jpg,trash,train,f19bc0c66c69c33c
trash/trash46.jpg,trash,train,df81d3d47474641c
trash/trash47.jpg,trash,test,f0b1e3438e3c9363
trash/trash48.jpg,trash,train,e4e69b3189cc64e6
trash/trash49.jpg,trash,train,e379968ec9263d30
trash/trash5.jpg,trash,train,e5a6d2b04c59738d
trash/trash50.jpg,trash,train,e58c5b23a4c91bb6
trash/trash51.jpg,trash,train,e4d99b939926c926
trash/trash52.jpg,trash,train,fe8068bd35f0431e
trash/trash53.jpg,trash,train,f8c7cc3873c39c88
trash/trash54.jpg,trash,train,feaca783c04b6a2c
trash/trash55.jpg,trash,train,e1b79acc6c649961
trash/trash56.jpg,trash,train,e58c9670ce9b3133
trash/trash57.jpg,trash,train,f35cc9b38e186166
trash/trash58.jpg,trash,val,f553ac548ba84e87
trash/trash59.jpg,trash,train,e9b28ec9cc6c3686
trash/trash6.jpg,trash,test,e7b0c9653392c3c9
trash/trash60.jpg,trash,train,f4ad4b98cc331cc6
trash/trash61.jpg,trash,train,c7787a383c383a3c
trash/trash62.jpg,trash,train,f46ac963664c3333
trash/trash63.jpg,trash,train,e6939bcc6c22b3a4
trash/trash64.jpg,trash,train,e4b672c99998499e
trash/trash65.jpg,trash,train,fbb19daf81253310
trash/trash66.jpg,trash,train,f3b2c7c1d88c8e0e
trash/trash67.jpg,trash,val,bb70b08b9be59072
trash/trash68.jpg,trash,train,e658d9279a666499
trash/trash69.jpg,trash,train,d4a7798ccc326738
trash/trash7.jpg,trash,train,e6b959a4669b988c
trash/trash70.jpg,trash,val,cbbb322425c5e723
trash/trash71.jpg,trash,train,e7b2c96d9c925930
trash/trash72.jpg,trash,val,e59ace6439643798
trash/trash73.jpg,trash,train,f3986786cd336384
trash/trash74.jpg,trash,train,f18b97348c5315b3
trash/trash75.jpg,trash,train,f683c9cc39e36612
trash/trash76.jpg,trash,train,c5bca4649656966d
trash/trash77.jpg,trash,train,e58d99923262edcc
trash/trash78.jpg,trash,test,bc72c34d3c327199
trash/trash79.jpg,trash,train,f05bcf3439cc2493
trash/trash8.jpg,trash,train,ea82c5b9d83c4f32
trash/trash80.jpg,trash,train,e3a49cd952652766
trash/trash81.jpg,trash,train,e5b49a134fc64c99
trash/trash82.jpg,trash,train,fc9830664ce39ec3
trash/trash83.jpg,trash,val,e5ac98b363ce9864
trash/trash84.jpg,trash,val,edaad2948791c6c6
trash/trash85.jpg,trash,train,e5539e62694d6692
trash/trash86.jpg,trash,train,c494a36a9ece9999
trash/trash87.jpg,trash,train,f4a153c63cc9699c
trash/trash88.jpg,trash,test,ff5cd0869ce1c318
trash/trash89.jpg,trash,train,c5b6334b89789578
trash/trash9.jpg,trash,val,e5ac8adb19392666
trash/trash90.jpg,trash,test,d8a0cf5983ce9cc6
trash/trash91.jpg,trash,test,bf3fe4989ce08c30
trash/trash92.jpg,trash,train,d66d72d2da6d2920
trash/trash93.jpg,trash,val,e6daad2d89939684
trash/trash94.jpg,trash,train,e793986d33329649
trash/trash95.jpg,trash,train,e7938c6c33398c66
trash/trash96.jpg,trash,val,fab08b87d45b6a21
trash/trash97.jpg,trash,train,e3965c69c9b34668
trash/trash98.jpg,trash,train,ed93c23c0ec7313c
trash/trash99.jpg,trash,train,f3a6cc99999931c4
